<?xml version="1.0" encoding="UTF-8"?>
<!DOCTYPE mapper PUBLIC "-//mybatis.org//DTD Mapper 3.0//EN" "http://mybatis.org/dtd/mybatis-3-mapper.dtd">
<mapper namespace="com.kist.portal.test.time.mapper.TestCityTimeMapper">

	<resultMap id="locationMap" type="com.kist.portal.test.time.dto.TestLocationDto">
		<result property="locKey" column="loc_key" />
		<result property="locCd" column="loc_cd" />
		<result property="locTypeCd" column="loc_type_cd" />
		<result property="upLocKey" column="up_loc_key" />
		<result property="locNm" column="loc_nm" />
		<result property="locTimeZoneCd" column="loc_time_zone_cd" />
		<result property="gmtVal" column="gmt_val" />
		<result property="arryOrd" column="arry_ord" />
	</resultMap>

	<select id="selectLocationList" parameterType="com.kist.portal.test.time.dto.TestLocationDto" resultMap="locationMap">
        SELECT /* selectLocationList */
               ccl.loc_key
             , ccl.loc_cd
             , ccl.loc_type_cd
             , ccl.up_loc_key
             , ccl.loc_nm
             , ccl.loc_time_zone_cd
             , fn_get_cd('CO00000004', ccl.loc_time_zone_cd, 'B2', 'KO') AS gmt_val
             , ccl.arry_ord
          FROM tb_co_test_cpny_loc ccl
         WHERE loc_type_cd = #{locTypeCd}
           <if test='upLocKey != null and upLocKey != ""'>
           AND up_loc_key = #{upLocKey}
		   </if>
         ORDER BY ccl.arry_ord
	</select>

	<insert id="insertLocation" parameterType="com.kist.portal.test.time.dto.TestLocationDto">
		INSERT /* insertLocation */
		  INTO tb_co_test_cpny_loc (
		       loc_key
		     , loc_cd
		     , loc_type_cd
		     , up_loc_key
		     , loc_nm
		     , loc_time_zone_cd
		     , arry_ord
		       )
		VALUES (
		       (SELECT #{locTypeCd} || '_' || TO_CHAR(now(), 'YYYYMMDD') || '_' || LPAD(COALESCE(nextval('seq_co_test_cpny_loc')||'', '1'), 7, '0'))
		     , #{locCd}
		     , #{locTypeCd}
		     , #{upLocKey}
		     , #{locNm}
		     , #{locTimeZoneCd}
		     , #{arryOrd}::integer
			   )
	</insert>

	<update id="updateLocation" parameterType="com.kist.portal.test.time.dto.TestLocationDto">
        UPDATE /* updateLocation */
               tb_co_test_cpny_loc
           SET loc_nm = #{locNm}
             , loc_time_zone_cd = #{locTimeZoneCd}
             , arry_ord = #{arryOrd}::integer
         WHERE loc_key = #{locKey}
	</update>

	<delete id="deleteLocation" parameterType="com.kist.portal.test.time.dto.TestLocationDto">
        DELETE /* deleteLocation */
          FROM tb_co_test_cpny_loc
         WHERE up_loc_key = #{locKey}
            OR loc_key = #{locKey}
	</delete>
</mapper>