-- STATE
INSERT INTO STATE(STATE,SITUATION)
  VALUES(0,'미정');
INSERT INTO STATE(STATE,SITUATION) 
  VALUES(1,'개봉예정');
INSERT INTO STATE(STATE,SITUATION) 
  VALUES(2,'상영중');
INSERT INTO STATE(STATE,SITUATION) 
  VALUES(3,'상영중료');

SELECT * FROM STATE;
-- MOVIE
INSERT INTO MOVIE(MOVIE_ID, MOVIE_NAME, MOVIE_SUMMARY, MOVIE_RUNNING, MOVIE_IMAGE,
            MOVIE_DATE, MOVIE_GRADE, MOVIE_AUDIENCE, STATE)
  VALUES('m'||LPAD(MOVIE_SEQ.NEXTVAL,3,'0'),'해리포터','해리포터는 마법사 이야기이다. 머시기 저시기',
  122,'harry.png',null,'12세 등급',1000000,0);
INSERT INTO MOVIE(MOVIE_ID, MOVIE_NAME, MOVIE_SUMMARY, MOVIE_RUNNING, MOVIE_IMAGE,
            MOVIE_DATE, MOVIE_GRADE, MOVIE_AUDIENCE, STATE)
  VALUES('m'||LPAD(MOVIE_SEQ.NEXTVAL,3,'0'),'어벤져스','어벤져스는 히어로 이야기이다. 머시기 저시기',
  140,'NOIMG.JPG',null,'15세 등급',10000000,3);
INSERT INTO MOVIE(MOVIE_ID, MOVIE_NAME, MOVIE_SUMMARY, MOVIE_RUNNING, MOVIE_IMAGE,
            MOVIE_DATE, MOVIE_GRADE, MOVIE_AUDIENCE, STATE)
  VALUES('m'||LPAD(MOVIE_SEQ.NEXTVAL,3,'0'),'스즈메의 문단속','스즈메의 문단속은 신카이 마코토의 애니메이션 영화 머시기...',
  122,'suzume.png','23/03/08','12세 등급',1340407,2);
INSERT INTO MOVIE(MOVIE_ID, MOVIE_NAME, MOVIE_SUMMARY, MOVIE_RUNNING, MOVIE_IMAGE,
            MOVIE_DATE, MOVIE_GRADE, MOVIE_AUDIENCE, STATE)
  VALUES('m'||LPAD(MOVIE_SEQ.NEXTVAL,3,'0'),'소울메이트','1998년, 처음 만났다. 2004년, 첫사랑이 생겼다. 2010년, 각자 어른이 되어간다. 당신의 소울메이트가 찾아옵니다.',
  124,'soulmate.png','23/03/15','12세 관람가',60148,2);
INSERT INTO MOVIE(MOVIE_ID, MOVIE_NAME, MOVIE_SUMMARY, MOVIE_RUNNING, MOVIE_IMAGE,
            MOVIE_DATE, MOVIE_GRADE, STATE)
  VALUES('m'||LPAD(MOVIE_SEQ.NEXTVAL,3,'0'),'웅남이','인간을 초월하는 짐승 같은 능력으로 국제 범죄 조직에 맞서는 웅남이의 좌충우돌 코미디 <웅남이>',
  97,'NOIMG.JPG','23/03/22','15세 관람가',1);
  
select * from movie;
-- tag
INSERT INTO TAG(MOVIE_ID,TAG) VALUES('m001','판타지');
INSERT INTO TAG(MOVIE_ID,TAG) VALUES('m002','초능력');
INSERT INTO TAG(MOVIE_ID,TAG) VALUES('m002','판타지');
INSERT INTO TAG(MOVIE_ID,TAG) 
  VALUES((SELECT MOVIE_ID FROM MOVIE WHERE MOVIE_NAME='스즈메의 문단속'),'애니메이션');
INSERT INTO TAG(MOVIE_ID,TAG) 
  VALUES((SELECT MOVIE_ID FROM MOVIE WHERE MOVIE_NAME='소울메이트'),'일상');
INSERT INTO TAG(MOVIE_ID,TAG) 
  VALUES((SELECT MOVIE_ID FROM MOVIE WHERE MOVIE_NAME='웅남이'),'코미디');
SELECT * FROM TAG;

-- person
INSERT INTO PERSON(PERSON_ID, PERSON_JOB, PERSON_NAME, PERSON_GENDER, PERSON_NATION, PERSON_BIRTH)
  VALUES('p'||LPAD(PERSON_SEQ.NEXTVAL,3,'0'),'감독','데이빗 예이츠','m','United Kingdom','63/11/30');
INSERT INTO PERSON(PERSON_ID, PERSON_JOB, PERSON_NAME, PERSON_GENDER, PERSON_NATION, PERSON_BIRTH)
  VALUES('p'||LPAD(PERSON_SEQ.NEXTVAL,3,'0'),'배우','엠마 왓슨','f','France','90/04/15');
INSERT INTO PERSON(PERSON_ID, PERSON_JOB, PERSON_NAME, PERSON_GENDER, PERSON_NATION, PERSON_BIRTH)
  VALUES('p'||LPAD(PERSON_SEQ.NEXTVAL,3,'0'),'배우','다니엘 레드클리프','m','United Kingdom','89/07/23');

SELECT * FROM PERSON;
-- movie_person
INSERT INTO MOVIE_PERSON(MOVIE_ID, PERSON_ID)
  VALUES((SELECT MOVIE_ID FROM MOVIE WHERE MOVIE_NAME='해리포터'),
    (SELECT PERSON_ID FROM PERSON WHERE PERSON_NAME='엠마 왓슨'));
INSERT INTO MOVIE_PERSON(MOVIE_ID, PERSON_ID)
  VALUES((SELECT MOVIE_ID FROM MOVIE WHERE MOVIE_NAME='해리포터'),
    (SELECT PERSON_ID FROM PERSON WHERE PERSON_NAME='데이빗 예이츠'));
INSERT INTO MOVIE_PERSON(MOVIE_ID, PERSON_ID)
  VALUES('m001','p003');
  
SELECT * FROM MOVIE_PERSON;
-- USERS
INSERT INTO USERS(USER_ID, USER_PW, USER_NAME, USER_BIRTH, USER_GENDER, USER_EMAIL, USER_TELL)
  VALUES('aaa','1','홍길동','93/11/03','m','hong@naver.com','010-6344-4081');
INSERT INTO USERS(USER_ID, USER_PW, USER_NAME, USER_BIRTH, USER_GENDER, USER_EMAIL, USER_TELL)
  VALUES('bbb','1','점순이','01/11/03','f','jome@naver.com','010-4444-4444');
INSERT INTO USERS(USER_ID, USER_PW, USER_NAME, USER_BIRTH, USER_GENDER, USER_EMAIL, USER_TELL)
  VALUES('ccc','1','삼돌이','03/03/03','m','dol3@naver.com','010-3333-3333');

select * from users;
-- rating
INSERT INTO RATING(USER_ID, MOVIE_ID, RATING_CONTENT, RATING_SCORE, RATING_DATE)
  VALUES('aaa','m001','해리포터재밌네요',10,SYSDATE);
INSERT INTO RATING(USER_ID, MOVIE_ID, RATING_CONTENT, RATING_SCORE, RATING_DATE)
  VALUES('aaa','m002','어벤져스노잼',2,SYSDATE);
INSERT INTO RATING(USER_ID, MOVIE_ID, RATING_CONTENT, RATING_SCORE, RATING_DATE)
  VALUES('bbb','m003','아니메다이스키',8,SYSDATE);
INSERT INTO RATING(USER_ID, MOVIE_ID, RATING_CONTENT, RATING_SCORE, RATING_DATE)
  VALUES('ccc','m003','그저그랬네요',4,SYSDATE);
INSERT INTO RATING(USER_ID, MOVIE_ID, RATING_CONTENT, RATING_SCORE, RATING_DATE)
  VALUES('bbb','m001','해리포터도볼만하네',6,SYSDATE);
INSERT INTO RATING(USER_ID, MOVIE_ID, RATING_CONTENT, RATING_SCORE, RATING_DATE)
  VALUES('ccc','m001','응노잼',1,SYSDATE);
SELECT * FROM RATING;
-- board
INSERT INTO BOARD(BOARD_NO, USER_ID, BOARD_TITLE, BOARD_CONTENT, BOARD_HIT, BOARD_DATE,
        BOARD_UPDATE, BOARD_GROUP, BOARD_STEP, BOARD_INDENT, BOARD_IP)
  VALUES(BOARD_SEQ.NEXTVAL, 'aaa', '글제목', '글본문', 0, SYSDATE, NULL, BOARD_SEQ.CURRVAL, 0, 0, '192.168.0.1');
INSERT INTO BOARD(BOARD_NO, USER_ID, BOARD_TITLE, BOARD_CONTENT, BOARD_HIT, BOARD_DATE,
        BOARD_UPDATE, BOARD_GROUP, BOARD_STEP, BOARD_INDENT, BOARD_IP)
  VALUES(BOARD_SEQ.NEXTVAL, 'bbb', '글제목', '글본문', 0, SYSDATE, NULL, BOARD_SEQ.CURRVAL, 0, 0, '255.255.255.255');
INSERT INTO BOARD(BOARD_NO, USER_ID, BOARD_TITLE, BOARD_CONTENT, BOARD_HIT, BOARD_DATE,
        BOARD_UPDATE, BOARD_GROUP, BOARD_STEP, BOARD_INDENT, BOARD_IP)
  VALUES(BOARD_SEQ.NEXTVAL, 'aaa', '글쓰자', '글을쓰자', 0, SYSDATE, NULL, BOARD_SEQ.CURRVAL, 0, 0, '192.168.0.1');
INSERT INTO BOARD(BOARD_NO, USER_ID, BOARD_TITLE, BOARD_CONTENT, BOARD_HIT, BOARD_DATE,
      BOARD_UPDATE, BOARD_GROUP, BOARD_STEP, BOARD_INDENT, BOARD_IP)
  VALUES(BOARD_SEQ.NEXTVAL, 'aaa', '글제목', '글본문', 0, SYSDATE, NULL, BOARD_SEQ.CURRVAL, 0, 0, '192.168.0.1');
INSERT INTO BOARD(BOARD_NO, USER_ID, BOARD_TITLE, BOARD_CONTENT, BOARD_HIT, BOARD_DATE,
      BOARD_UPDATE, BOARD_GROUP, BOARD_STEP, BOARD_INDENT, BOARD_IP)
  VALUES(BOARD_SEQ.NEXTVAL, 'bbb', '글제목', '글본문', 0, SYSDATE, NULL, BOARD_SEQ.CURRVAL, 0, 0, '255.255.255.255');
INSERT INTO BOARD(BOARD_NO, USER_ID, BOARD_TITLE, BOARD_CONTENT, BOARD_HIT, BOARD_DATE,
      BOARD_UPDATE, BOARD_GROUP, BOARD_STEP, BOARD_INDENT, BOARD_IP)
  VALUES(BOARD_SEQ.NEXTVAL, 'aaa', '글쓰자', '글을쓰자', 0, SYSDATE, NULL, BOARD_SEQ.CURRVAL, 0, 0, '192.168.0.1');

SELECT * FROM BOARD;
-- comments
INSERT INTO COMMENTS(COMMENT_NO, BOARD_NO, USER_ID, COMMENT_CONTENT, COMMENT_DATE)
  VALUES(COMMENTS_SEQ.NEXTVAL, 1, 'aaa', '댓글', SYSDATE);
INSERT INTO COMMENTS(COMMENT_NO, BOARD_NO, USER_ID, COMMENT_CONTENT, COMMENT_DATE)
  VALUES(COMMENTS_SEQ.NEXTVAL, 2, 'bbb', '댓글', SYSDATE);
INSERT INTO COMMENTS(COMMENT_NO, BOARD_NO, USER_ID, COMMENT_CONTENT, COMMENT_DATE)
  VALUES(COMMENTS_SEQ.NEXTVAL, 3, 'ccc', '댓글', SYSDATE);
INSERT INTO COMMENTS(COMMENT_NO, BOARD_NO, USER_ID, COMMENT_CONTENT, COMMENT_DATE)
  VALUES(COMMENTS_SEQ.NEXTVAL, 1, 'bbb', '댓글', SYSDATE);
SELECT * FROM COMMENTS;
-- admin
INSERT INTO ADMIN(ADMIN_ID, ADMIN_PW, ADMIN_NAME)
  VALUES('zzz','1','관리자');

SELECT * FROM ADMIN;

COMMIT;


