SET DEFINE OFF;
-- MOVIE --
INSERT INTO MOVIE(MOVIEID, ORIGINALTITLE, MOVIETITLE, MOVIESUMMARY, MOVIERUNNING, MOVIEIMAGE,
            MOVIEDATE, MOVIEGRADE, MOVIEAUDIENCE, STATE)
  VALUES('m'||LPAD(MOVIE_SEQ.NEXTVAL,3,'0'),'Harry Potter','해리포터','해리포터는 마법사 이야기이다. 머시기 저시기',
  122,'harry.jpg',null,'12세 관람가',1000000,0);
INSERT INTO MOVIE(MOVIEID, ORIGINALTITLE, MOVIETITLE, MOVIESUMMARY, MOVIERUNNING, MOVIEIMAGE,
            MOVIEDATE, MOVIEGRADE, MOVIEAUDIENCE, STATE)
  VALUES('m'||LPAD(MOVIE_SEQ.NEXTVAL,3,'0'),'The Avengers','어벤져스','어벤져스는 히어로 이야기이다. 머시기 저시기',
  140,'NOIMG.JPG',null,'15세 관람가',10000000,0);

-- 현재 상영중 영화
INSERT INTO MOVIE(MOVIEID, ORIGINALTITLE, MOVIETITLE, MOVIESUMMARY, MOVIERUNNING, MOVIEIMAGE,
            MOVIEDATE, MOVIEGRADE, MOVIEAUDIENCE, STATE)
  VALUES('m'||LPAD(MOVIE_SEQ.NEXTVAL,3,'0'),'すずめの戸締まり, Suzume, 2022','스즈메의 문단속','스즈메의 문단속은 신카이 마코토의 애니메이션 영화 머시기...',
  122,'suzume.png','23/03/08','12세 관람가',2655578,2);
INSERT INTO MOVIE(MOVIEID, ORIGINALTITLE, MOVIETITLE, MOVIESUMMARY, MOVIERUNNING, MOVIEIMAGE,
            MOVIEDATE, MOVIEGRADE, MOVIEAUDIENCE, STATE)
  VALUES('m'||LPAD(MOVIE_SEQ.NEXTVAL,3,'0'),'Soulmate, 2020','소울메이트','1998년, 처음 만났다. 2004년, 첫사랑이 생겼다. 2010년, 각자 어른이 되어간다. 당신의 소울메이트가 찾아옵니다.',
  124,'soulmate.png','23/03/15','12세 관람가',171429,2);
INSERT INTO MOVIE(MOVIEID, ORIGINALTITLE, MOVIETITLE, MOVIESUMMARY, MOVIERUNNING, MOVIEIMAGE,
            MOVIEDATE, MOVIEGRADE, MOVIEAUDIENCE, STATE)
  VALUES('m'||LPAD(MOVIE_SEQ.NEXTVAL,3,'0'),'woongnami, 2023','웅남이','인간을 초월하는 짐승 같은 능력으로 국제 범죄 조직에 맞서는 웅남이의 좌충우돌 코미디 <웅남이>',
  97,'ungnam.jpg','23/03/22','15세 관람가',129847,2);
INSERT INTO MOVIE(MOVIEID, ORIGINALTITLE, MOVIETITLE, MOVIESUMMARY, MOVIERUNNING, MOVIEIMAGE,
            MOVIEDATE, MOVIEGRADE, MOVIEAUDIENCE, STATE)
  VALUES('m'||LPAD(MOVIE_SEQ.NEXTVAL,3,'0'),'GG Bond: Ocean Mission, 2022','꼬마돼지 베이브의 바다 대모험','꼬마돼지 ‘베이브’의 마지막 미션! 사라진 물고기 친구의 아빠를 찾고, 위험에 빠진 바다를 구하라!',
  76,'OceanMission.jpg','23/03/23','전체 관람가',4,695,2);
INSERT INTO MOVIE(MOVIEID, ORIGINALTITLE, MOVIETITLE, MOVIESUMMARY, MOVIERUNNING, MOVIEIMAGE,
            MOVIEDATE, MOVIEGRADE, MOVIEAUDIENCE,STATE)
  VALUES('m'||LPAD(MOVIE_SEQ.NEXTVAL,3,'0'),'Poker Face, 2022','포커페이스','어릴 적 친구들과 포커 게임을 즐겨하던 ‘제이크’는 온라인 포커 개발로 억만장자가 된다.',
  91,'pokerface.jpg','23/03/23','15세 관람가',557,2);
INSERT INTO MOVIE(MOVIEID, ORIGINALTITLE, MOVIETITLE, MOVIESUMMARY, MOVIERUNNING, MOVIEIMAGE,
            MOVIEDATE, MOVIEGRADE, MOVIEAUDIENCE, STATE)
  VALUES('m'||LPAD(MOVIE_SEQ.NEXTVAL,3,'0'),'Romance Campus, 2022','낭만캠퍼스','일상에 지친 배우 민재가 고향친구이자 동료 배우인 경욱과 함께 이제는 연고도 없는 고향 남원으로 훌쩍 떠난다.',
  90,'romance.jpg','23/03/23','15세 관람가',0,2);
INSERT INTO MOVIE(MOVIEID, ORIGINALTITLE, MOVIETITLE, MOVIESUMMARY, MOVIERUNNING, MOVIEIMAGE,
            MOVIEDATE, MOVIEGRADE, MOVIEAUDIENCE, STATE)
  VALUES('m'||LPAD(MOVIE_SEQ.NEXTVAL,3,'0'),'The Fabelmans, 2022','파벨만스','난생 처음 극장에서 스크린을 마주한 순간부터 영화와 사랑에 빠진 소년 ‘새미’(가브리엘 라벨).
 아빠 ‘버트’(폴 다노)의 8mm 카메라를 들고 일상의 모든 순간을 담기 위해 열중하던 새미는
 우연히 필름에 포착된 가족의 비밀을 알게 되고 충격에 휩싸인다.',
  151,'fabelmans.jpg','23/03/22','12세 관람가',27063,2);
INSERT INTO MOVIE(MOVIEID, ORIGINALTITLE, MOVIETITLE, MOVIESUMMARY, MOVIERUNNING, MOVIEIMAGE,
            MOVIEDATE, MOVIEGRADE, MOVIEAUDIENCE, STATE)
  VALUES('m'||LPAD(MOVIE_SEQ.NEXTVAL,3,'0'),'Shazam! Fury of the Gods, 2023','샤잠! 신들의 분노','신들의 힘을 갖게 된 빌리(애셔 앤젤)와 친구들은 각자의 방법으로 슈퍼히어로의 삶을 즐기게 된다.',
  130,'shazam.jpg','23/03/15','12세 관람가',74928,2);
INSERT INTO MOVIE(MOVIEID, ORIGINALTITLE, MOVIETITLE, MOVIESUMMARY, MOVIERUNNING, MOVIEIMAGE,
            MOVIEDATE, MOVIEGRADE, MOVIEAUDIENCE, STATE)
  VALUES('m'||LPAD(MOVIE_SEQ.NEXTVAL,3,'0'),'Hopper et le hamster des ténèbres
Chickenhare and the Hamster of Darkness','치킨래빗: 잃어버린 보물을 찾아서','쫑긋한 귀, 앙증맞은 꼬리, 그리고... 갑자기 닭발...?!
 토끼인 듯 닭인 듯 반반 매력 뉴 히어로 ‘치킨래빗’이 온다!',
  92,'hopper.jpg','23/03/18','전체 관람가',26801,2);
INSERT INTO MOVIE(MOVIEID, ORIGINALTITLE, MOVIETITLE, MOVIESUMMARY, MOVIERUNNING, MOVIEIMAGE,
            MOVIEDATE, MOVIEGRADE, MOVIEAUDIENCE, STATE)
  VALUES('m'||LPAD(MOVIE_SEQ.NEXTVAL,3,'0'),'Plane, 2023','플레인','모두를 공포에 몰아넣은 하루…
비행기 불시착은 시작에 불과했다!',
  107,'plane.jpg','23/03/15','15세 관람가',33046,2);
INSERT INTO MOVIE(MOVIEID, ORIGINALTITLE, MOVIETITLE, MOVIESUMMARY, MOVIERUNNING, MOVIEIMAGE,
            MOVIEDATE, MOVIEGRADE, MOVIEAUDIENCE, STATE)
  VALUES('m'||LPAD(MOVIE_SEQ.NEXTVAL,3,'0'),'The Banshees of Inisherin, 2022','이니셰린의 밴시','오늘, 인생의 친구가 절교를 선언했다
아일랜드의 외딴 섬마을 ‘이니셰린’.',
  114,'banshee.jpg','23/03/15','15세 관람가',15188,2);

-- 상영 예고 영화
INSERT INTO MOVIE(MOVIEID, ORIGINALTITLE, MOVIETITLE, MOVIESUMMARY, MOVIERUNNING, MOVIEIMAGE,
            MOVIEDATE, MOVIEGRADE, MOVIEAUDIENCE, STATE)
  VALUES('m'||LPAD(MOVIE_SEQ.NEXTVAL,3,'0'),'DungeonsAndDragons: Honor Among Thieves, 2023','던전 앤 드래곤: 도적들의 명예','한때는 명예로운 기사였지만, ‘어떤 사건’ 이후
 ‘홀가’, ‘사이먼’, ‘포지’와 함께 도적질을 하게 된 ‘에드긴’.',
  134,'dungeon.jpg','23/03/29','12세 관람가',0,1);
INSERT INTO MOVIE(MOVIEID, ORIGINALTITLE, MOVIETITLE, MOVIESUMMARY, MOVIERUNNING, MOVIEIMAGE,
            MOVIEDATE, MOVIEGRADE, MOVIEAUDIENCE, STATE)
  VALUES('m'||LPAD(MOVIE_SEQ.NEXTVAL,3,'0'),'My Neighbor Adolf, 2022','나의 이웃 히틀러','2차 세계대전 당시 가족과 자신에게 상처를 준 히틀러로 인한 두 남자의 상처와 교감 그리고 우정을 그린 영화',
  96,'adolf.jpg','23/03/30','12세 관람가',0,1);
INSERT INTO MOVIE(MOVIEID, ORIGINALTITLE, MOVIETITLE, MOVIESUMMARY, MOVIERUNNING, MOVIEIMAGE,
            MOVIEDATE, MOVIEGRADE, MOVIEAUDIENCE, STATE)
  VALUES('m'||LPAD(MOVIE_SEQ.NEXTVAL,3,'0'),'かぐや様は告らせたい -ファーストキッスは終わらない-
Kaguya-sama: Love Is War -The First Kiss That Never Ends-','카구야 님은 고백받고 싶어 -첫 키스는 끝나지 않아-','장래가 기대되는 우수한 수재들이 모인 슈치인 학원.
 슈치인 학원 학생회에서 만난 부회장 시노미야 카구야와 회장 시로가네 미유키.',
  96,'kaguya.jpg','23/04/06','12세 관람가',0,1);
INSERT INTO MOVIE(MOVIEID, ORIGINALTITLE, MOVIETITLE, MOVIESUMMARY, MOVIERUNNING, MOVIEIMAGE,
            MOVIEDATE, MOVIEGRADE, MOVIEAUDIENCE, STATE)
  VALUES('m'||LPAD(MOVIE_SEQ.NEXTVAL,3,'0'),'John Wick: Chapter 4, 2023','존 윅 4','죽을 위기에서 살아난 ‘존 윅’은
 ‘최고 회의’를 쓰러트릴 방법을 찾아낸다.',
  169,'johnwick.jpg','23/04/12','청소년 관람불가',0,1);
INSERT INTO MOVIE(MOVIEID, ORIGINALTITLE, MOVIETITLE, MOVIESUMMARY, MOVIERUNNING, MOVIEIMAGE,
            MOVIEDATE, MOVIEGRADE, MOVIEAUDIENCE, STATE)
  VALUES('m'||LPAD(MOVIE_SEQ.NEXTVAL,3,'0'),'A Man Called Otto, 2022','오토라는 남자','나 혼자 사는 까칠한 이웃 남자
오토 O.T.T.O 입니다.
모든 것을 포기하려는 ‘오토’(톰 행크스)는 죽고 싶을 타이밍마다 이를 방해하는 이웃들로 분노가 치밀어 오른다.
 인생 최악의 순간, 뜻하지 않은 이웃들과의 사건들로 인해 ‘오토’는 생각지도 못한 상황으로 흘러가는데…',
  126,'otto.jpg','23/03/29','12세 관람가',0,1);
INSERT INTO MOVIE(MOVIEID, ORIGINALTITLE, MOVIETITLE, MOVIESUMMARY, MOVIERUNNING, MOVIEIMAGE,
            MOVIEDATE, MOVIEGRADE, MOVIEAUDIENCE, STATE)
  VALUES('m'||LPAD(MOVIE_SEQ.NEXTVAL,3,'0'),'Shotgun Wedding, 2022
','샷건 웨딩','내 결혼식이 박살났다!
‘달시’(제니퍼 로페즈)와 ‘톰’(조쉬 더하멜)의 결혼식 당일,
 우여곡절 끝에 결혼식에 참석할 모두가 섬에 모인다.
 
 모든 게 순조로워 보이던 그때!
 갑자기 들이닥친 해적으로 인해 결혼식장의 모두가 인질이 되고…
 
 ‘달시’와 ‘톰’은 무사히 혼인서약을 마치기 위해
 목숨을 건 버진 로드를 걷게 되는데…
 
 죽이든가, 죽든가!
 가장 화X한 웨딩이 온다!',
  100,'shotgun.jpg','23/03/29','15세 관람가',0,1);

select * from movie;
-- tag
INSERT INTO TAG(MOVIEID,TAG) VALUES('m001','판타지');
INSERT INTO TAG(MOVIEID,TAG) VALUES('m001','모험');
INSERT INTO TAG(MOVIEID,TAG) VALUES('m002','초능력');
INSERT INTO TAG(MOVIEID,TAG) VALUES('m002','판타지');
INSERT INTO TAG(MOVIEID,TAG) 
  VALUES((SELECT MOVIEID FROM MOVIE WHERE MOVIETITLE LIKE '%' || '스즈메의 문단속' || '%'),'애니메이션');
INSERT INTO TAG(MOVIEID,TAG) 
  VALUES((SELECT MOVIEID FROM MOVIE WHERE MOVIETITLE LIKE '%' || '소울메이트' || '%'),'일상');
INSERT INTO TAG(MOVIEID,TAG) 
  VALUES((SELECT MOVIEID FROM MOVIE WHERE MOVIETITLE LIKE '%' || '소울메이트' || '%'),'드라마');
INSERT INTO TAG(MOVIEID,TAG) 
  VALUES((SELECT MOVIEID FROM MOVIE WHERE MOVIETITLE LIKE '%' || '웅남이' || '%'),'코미디');
INSERT INTO TAG(MOVIEID,TAG) 
  VALUES((SELECT MOVIEID FROM MOVIE WHERE MOVIETITLE LIKE '%' || '웅남이' || '%'),'액션');
INSERT INTO TAG(MOVIEID,TAG) 
  VALUES((SELECT MOVIEID FROM MOVIE WHERE MOVIETITLE LIKE '%' || '꼬마돼지' || '%'),'애니메이션');
INSERT INTO TAG(MOVIEID,TAG) 
  VALUES((SELECT MOVIEID FROM MOVIE WHERE MOVIETITLE LIKE '%' || '던전 앤 드래곤' || '%'),'액션');
INSERT INTO TAG(MOVIEID,TAG) 
  VALUES((SELECT MOVIEID FROM MOVIE WHERE MOVIETITLE LIKE '%' || '던전 앤 드래곤' || '%'),'모험');
INSERT INTO TAG(MOVIEID,TAG) 
  VALUES((SELECT MOVIEID FROM MOVIE WHERE MOVIETITLE LIKE '%' || '던전 앤 드래곤' || '%'),'판타지');
INSERT INTO TAG(MOVIEID,TAG) 
  VALUES((SELECT MOVIEID FROM MOVIE WHERE MOVIETITLE LIKE '%' || '카구야' || '%'),'애니메이션');
INSERT INTO TAG(MOVIEID,TAG) 
  VALUES((SELECT MOVIEID FROM MOVIE WHERE MOVIETITLE LIKE '%' || '낭만' || '%'),'드라마');
INSERT INTO TAG(MOVIEID,TAG) 
  VALUES((SELECT MOVIEID FROM MOVIE WHERE MOVIETITLE LIKE '%' || '포커페이스' || '%'),'스릴러');
INSERT INTO TAG(MOVIEID,TAG) 
  VALUES((SELECT MOVIEID FROM MOVIE WHERE MOVIETITLE LIKE '%' || '포커페이스' || '%'),'범죄');
INSERT INTO TAG(MOVIEID,TAG) 
  VALUES((SELECT MOVIEID FROM MOVIE WHERE MOVIETITLE LIKE '%' || '파벨만스' || '%'),'드라마');
INSERT INTO TAG(MOVIEID,TAG) 
  VALUES((SELECT MOVIEID FROM MOVIE WHERE MOVIETITLE LIKE '%' || '치킨래빗' || '%'),'애니메이션');
INSERT INTO TAG(MOVIEID,TAG) 
  VALUES((SELECT MOVIEID FROM MOVIE WHERE MOVIETITLE LIKE '%' || '플레인' || '%'),'액션');
INSERT INTO TAG(MOVIEID,TAG) 
  VALUES((SELECT MOVIEID FROM MOVIE WHERE MOVIETITLE LIKE '%' || '플레인' || '%'),'스릴러');
INSERT INTO TAG(MOVIEID,TAG) 
  VALUES((SELECT MOVIEID FROM MOVIE WHERE MOVIETITLE LIKE '%' || '밴시' || '%'),'코미디');
INSERT INTO TAG(MOVIEID,TAG) 
  VALUES((SELECT MOVIEID FROM MOVIE WHERE MOVIETITLE LIKE '%' || '밴시' || '%'),'드라마');
INSERT INTO TAG(MOVIEID,TAG) 
  VALUES((SELECT MOVIEID FROM MOVIE WHERE MOVIETITLE LIKE '%' || '샤잠' || '%'),'액션');
INSERT INTO TAG(MOVIEID,TAG) 
  VALUES((SELECT MOVIEID FROM MOVIE WHERE MOVIETITLE LIKE '%' || '샤잠' || '%'),'모험');
INSERT INTO TAG(MOVIEID,TAG) 
  VALUES((SELECT MOVIEID FROM MOVIE WHERE MOVIETITLE LIKE '%' || '샷건' || '%'),'액션');
INSERT INTO TAG(MOVIEID,TAG) 
  VALUES((SELECT MOVIEID FROM MOVIE WHERE MOVIETITLE LIKE '%' || '샷건' || '%'),'코미디');
INSERT INTO TAG(MOVIEID,TAG) 
  VALUES((SELECT MOVIEID FROM MOVIE WHERE MOVIETITLE LIKE '%' || '샷건' || '%'),'멜로/로맨스');
INSERT INTO TAG(MOVIEID,TAG) 
  VALUES((SELECT MOVIEID FROM MOVIE WHERE MOVIETITLE LIKE '%' || '오토' || '%'),'코미디');
INSERT INTO TAG(MOVIEID,TAG) 
  VALUES((SELECT MOVIEID FROM MOVIE WHERE MOVIETITLE LIKE '%' || '오토' || '%'),'드라마');
INSERT INTO TAG(MOVIEID,TAG) 
  VALUES((SELECT MOVIEID FROM MOVIE WHERE MOVIETITLE LIKE '%' || '히틀러' || '%'),'코미디');
INSERT INTO TAG(MOVIEID,TAG) 
  VALUES((SELECT MOVIEID FROM MOVIE WHERE MOVIETITLE LIKE '%' || '히틀러' || '%'),'드라마');
INSERT INTO TAG(MOVIEID,TAG) 
  VALUES((SELECT MOVIEID FROM MOVIE WHERE MOVIETITLE LIKE '%' || '존 윅 4' || '%'),'액션');

SELECT * FROM TAG;
-- trailer
INSERT INTO TRAILER (MOVIEID, TRAILERNAME, TRAILERURL) 
  VALUES((SELECT MOVIEID FROM MOVIE WHERE MOVIETITLE LIKE '%' || '웅남이' || '%'),'티저 예고편','2J1ohdz-5Ps');
INSERT INTO TRAILER (MOVIEID, TRAILERNAME, TRAILERURL) 
  VALUES((SELECT MOVIEID FROM MOVIE WHERE MOVIETITLE LIKE '%' || '웅남이' || '%'),'관객 반응 영상','LNUTi4Tm8mY');
INSERT INTO TRAILER (MOVIEID, TRAILERNAME, TRAILERURL) 
  VALUES((SELECT MOVIEID FROM MOVIE WHERE MOVIETITLE LIKE '%' || '웅남이' || '%'),'메인 예고편','yT0DOyVUrRc');
INSERT INTO TRAILER (MOVIEID, TRAILERNAME, TRAILERURL) 
  VALUES((SELECT MOVIEID FROM MOVIE WHERE MOVIETITLE LIKE '%' || '꼬마돼지' || '%'),'메인 예고편','IpNauQ6rRbI');

INSERT INTO TRAILER (MOVIEID, TRAILERNAME, TRAILERURL) 
  VALUES((SELECT MOVIEID FROM MOVIE WHERE MOVIETITLE LIKE '%' || '스즈메' || '%'),'2차 예고편','4FwdqAKoaEs');
INSERT INTO TRAILER (MOVIEID, TRAILERNAME, TRAILERURL) 
  VALUES((SELECT MOVIEID FROM MOVIE WHERE MOVIETITLE LIKE '%' || '스즈메' || '%'),'예고편(한글)','UUpk0wnNhtU');
INSERT INTO TRAILER (MOVIEID, TRAILERNAME, TRAILERURL) 
  VALUES((SELECT MOVIEID FROM MOVIE WHERE MOVIETITLE LIKE '%' || '던전' || '%'),'메인 예고편','fk_3ODkNpyY');
INSERT INTO TRAILER (MOVIEID, TRAILERNAME, TRAILERURL) 
  VALUES((SELECT MOVIEID FROM MOVIE WHERE MOVIETITLE LIKE '%' || '소울메이트' || '%'),'메인 예고편','f93j8rLS69k');
INSERT INTO TRAILER (MOVIEID, TRAILERNAME, TRAILERURL) 
  VALUES((SELECT MOVIEID FROM MOVIE WHERE MOVIETITLE LIKE '%' || '샤잠' || '%'),'메인 예고편','EsTywuev7ic');
INSERT INTO TRAILER (MOVIEID, TRAILERNAME, TRAILERURL) 
  VALUES((SELECT MOVIEID FROM MOVIE WHERE MOVIETITLE LIKE '%' || '플레인' || '%'),'메인 예고편','E8OHeUG7iL0');
INSERT INTO TRAILER (MOVIEID, TRAILERNAME, TRAILERURL) 
  VALUES((SELECT MOVIEID FROM MOVIE WHERE MOVIETITLE LIKE '%' || '파벨만스' || '%'),'2차 예고편','enPPU3GCSEM');
INSERT INTO TRAILER (MOVIEID, TRAILERNAME, TRAILERURL) 
  VALUES((SELECT MOVIEID FROM MOVIE WHERE MOVIETITLE LIKE '%' || '낭만캠퍼스' || '%'),'메인 예고편','Zit6PwGwnGg');
INSERT INTO TRAILER (MOVIEID, TRAILERNAME, TRAILERURL) 
  VALUES((SELECT MOVIEID FROM MOVIE WHERE MOVIETITLE LIKE '%' || '포커페이스' || '%'),'메인 예고편','1ewqWYHZ6U0');
INSERT INTO TRAILER (MOVIEID, TRAILERNAME, TRAILERURL) 
  VALUES((SELECT MOVIEID FROM MOVIE WHERE MOVIETITLE LIKE '%' || '치킨래빗' || '%'),'파이널 예고편','BTAAGqDi9O0');
INSERT INTO TRAILER (MOVIEID, TRAILERNAME, TRAILERURL) 
  VALUES((SELECT MOVIEID FROM MOVIE WHERE MOVIETITLE LIKE '%' || '밴시' || '%'),'파이널 예고편','tUl_YGXT-js');
INSERT INTO TRAILER (MOVIEID, TRAILERNAME, TRAILERURL) 
  VALUES((SELECT MOVIEID FROM MOVIE WHERE MOVIETITLE LIKE '%' || '샷건' || '%'),'메인 예고편','DIYCPSRTMps');
INSERT INTO TRAILER (MOVIEID, TRAILERNAME, TRAILERURL) 
  VALUES((SELECT MOVIEID FROM MOVIE WHERE MOVIETITLE LIKE '%' || '오토' || '%'),'메인 예고편','r2aHLl9obLg');
INSERT INTO TRAILER (MOVIEID, TRAILERNAME, TRAILERURL) 
  VALUES((SELECT MOVIEID FROM MOVIE WHERE MOVIETITLE LIKE '%' || '히틀러' || '%'),'international Trailer','Ii47Auvhls4');
INSERT INTO TRAILER (MOVIEID, TRAILERNAME, TRAILERURL) 
  VALUES((SELECT MOVIEID FROM MOVIE WHERE MOVIETITLE LIKE '%' || '카구야' || '%'),'메인 예고편','wS93NnlL-kg');
INSERT INTO TRAILER (MOVIEID, TRAILERNAME, TRAILERURL) 
  VALUES((SELECT MOVIEID FROM MOVIE WHERE MOVIETITLE LIKE '%' || '존 윅 4' || '%'),'공식 예고편','ly3QrgEZaQY');

select * from trailer;
-- person
INSERT INTO PERSON(PERSONID, PERSONNAME, PERSONIMAGE, PERSONNATION, PERSONBIRTH)
  VALUES('p'||LPAD(PERSON_SEQ.NEXTVAL,3,'0'),'데이빗 예이츠', 'david.jpg', 'United Kingdom','63/11/30');
INSERT INTO PERSON(PERSONID, PERSONNAME, PERSONIMAGE, PERSONNATION, PERSONBIRTH)
  VALUES('p'||LPAD(PERSON_SEQ.NEXTVAL,3,'0'), '엠마 왓슨', 'emma.jpg', 'France','90/04/15');
INSERT INTO PERSON(PERSONID, PERSONNAME, PERSONIMAGE, PERSONNATION, PERSONBIRTH)
  VALUES('p'||LPAD(PERSON_SEQ.NEXTVAL,3,'0'), '다니엘 레드클리프', 'daniel.jpg', 'United Kingdom','89/07/23');
INSERT INTO PERSON(PERSONID, PERSONNAME, PERSONIMAGE, PERSONNATION, PERSONBIRTH)
  VALUES('p'||LPAD(PERSON_SEQ.NEXTVAL,3,'0'), '제커리 레비', 'Zachary.jpg', 'USA','80/09/29');
INSERT INTO PERSON(PERSONID, PERSONNAME, PERSONIMAGE, PERSONNATION, PERSONBIRTH)
  VALUES('p'||LPAD(PERSON_SEQ.NEXTVAL,3,'0'),'신카이 마코토', 'sinkai.jpg','Japan','73/02/09');
INSERT INTO PERSON(PERSONID, PERSONNAME, PERSONIMAGE, PERSONNATION, PERSONBIRTH)
  VALUES('p'||LPAD(PERSON_SEQ.NEXTVAL,3,'0'),'박성광', 'sungkwang.jpg','Korea','81/08/15');
INSERT INTO PERSON(PERSONID, PERSONNAME, PERSONIMAGE, PERSONNATION, PERSONBIRTH)
  VALUES('p'||LPAD(PERSON_SEQ.NEXTVAL,3,'0'),'박성웅', 'ParkSungwoong.jpg','Korea', null);
INSERT INTO PERSON(PERSONID, PERSONNAME, PERSONIMAGE, PERSONNATION, PERSONBIRTH)
  VALUES('p'||LPAD(PERSON_SEQ.NEXTVAL,3,'0'),'이이경', 'eekyung.jpg','Korea', null);
INSERT INTO PERSON(PERSONID, PERSONNAME, PERSONIMAGE, PERSONNATION, PERSONBIRTH)
  VALUES('p'||LPAD(PERSON_SEQ.NEXTVAL,3,'0'),'염혜란', 'yumhyeran.jpg','Korea', null);
INSERT INTO PERSON(PERSONID, PERSONNAME, PERSONIMAGE, PERSONNATION, PERSONBIRTH)
  VALUES('p'||LPAD(PERSON_SEQ.NEXTVAL,3,'0'),'박동기', 'nothing.png','Korea','76/05/09');
INSERT INTO PERSON(PERSONID, PERSONNAME, PERSONIMAGE, PERSONNATION, PERSONBIRTH)
  VALUES('p'||LPAD(PERSON_SEQ.NEXTVAL,3,'0'),'데이비드 F. 샌드버그', 'nothing.png',null,null);
INSERT INTO PERSON(PERSONID, PERSONNAME, PERSONIMAGE, PERSONNATION, PERSONBIRTH)
  VALUES('p'||LPAD(PERSON_SEQ.NEXTVAL,3,'0'),'하라 나노카', 'nothing.png','Japan','03/08/26');
INSERT INTO PERSON(PERSONID, PERSONNAME, PERSONIMAGE, PERSONNATION, PERSONBIRTH)
  VALUES('p'||LPAD(PERSON_SEQ.NEXTVAL,3,'0'),'민용근', 'nothing.png','Korea','76/08/02');
INSERT INTO PERSON(PERSONID, PERSONNAME, PERSONIMAGE, PERSONNATION, PERSONBIRTH)
  VALUES('p'||LPAD(PERSON_SEQ.NEXTVAL,3,'0'),'김다미', 'nothing.png','Korea',null);


SELECT * FROM PERSON;
-- movie_person
INSERT INTO MOVIE_PERSON(MOVIEID, PERSONID, CASTING, ROLE)
  VALUES((SELECT MOVIEID FROM MOVIE WHERE MOVIETITLE='해리포터'),
    (SELECT PERSONID FROM PERSON WHERE PERSONNAME='엠마 왓슨'), '주연','헤르미온느');
INSERT INTO MOVIE_PERSON(MOVIEID, PERSONID, CASTING)
  VALUES((SELECT MOVIEID FROM MOVIE WHERE MOVIETITLE='해리포터'),
    (SELECT PERSONID FROM PERSON WHERE PERSONNAME='데이빗 예이츠'),'감독');
INSERT INTO MOVIE_PERSON(MOVIEID, PERSONID, CASTING, ROLE)
  VALUES('m001','p003','주연','해리포터');
INSERT INTO MOVIE_PERSON(MOVIEID, PERSONID, CASTING, ROLE)
  VALUES((SELECT MOVIEID FROM MOVIE WHERE MOVIETITLE='스즈메의 문단속'),
    (SELECT PERSONID FROM PERSON WHERE PERSONNAME='신카이 마코토'), '감독', null);
INSERT INTO MOVIE_PERSON(MOVIEID, PERSONID, CASTING, ROLE)
  VALUES((SELECT MOVIEID FROM MOVIE WHERE MOVIETITLE='웅남이'),
    (SELECT PERSONID FROM PERSON WHERE PERSONNAME='박성광'), '감독', null);
INSERT INTO MOVIE_PERSON(MOVIEID, PERSONID, CASTING, ROLE)
  VALUES((SELECT MOVIEID FROM MOVIE WHERE MOVIETITLE='웅남이'),
    (SELECT PERSONID FROM PERSON WHERE PERSONNAME='박성웅'), '주연', '나웅남');
INSERT INTO MOVIE_PERSON(MOVIEID, PERSONID, CASTING, ROLE)
  VALUES((SELECT MOVIEID FROM MOVIE WHERE MOVIETITLE='웅남이'),
    (SELECT PERSONID FROM PERSON WHERE PERSONNAME='이이경'), '주연', '조말봉');
INSERT INTO MOVIE_PERSON(MOVIEID, PERSONID, CASTING, ROLE)
  VALUES((SELECT MOVIEID FROM MOVIE WHERE MOVIETITLE='웅남이'),
    (SELECT PERSONID FROM PERSON WHERE PERSONNAME='염혜란'), '주연', '장경숙');
INSERT INTO MOVIE_PERSON(MOVIEID, PERSONID, CASTING, ROLE)
  VALUES((SELECT MOVIEID FROM MOVIE WHERE MOVIETITLE='낭만캠퍼스'),
    (SELECT PERSONID FROM PERSON WHERE PERSONNAME='박동기'), '감독', null);
INSERT INTO MOVIE_PERSON(MOVIEID, PERSONID, CASTING, ROLE)
  VALUES((SELECT MOVIEID FROM MOVIE WHERE MOVIETITLE LIKE '%' || '샤잠' || '%'),
    (SELECT PERSONID FROM PERSON WHERE PERSONNAME LIKE '%' || '샌드버그' || '%'), '감독', null);
INSERT INTO MOVIE_PERSON(MOVIEID, PERSONID, CASTING, ROLE)
  VALUES((SELECT MOVIEID FROM MOVIE WHERE MOVIETITLE LIKE '%' || '샤잠' || '%'),
    (SELECT PERSONID FROM PERSON WHERE PERSONNAME LIKE '%' || '제커리' || '%'), '주연', '샤잠');
INSERT INTO MOVIE_PERSON(MOVIEID, PERSONID, CASTING, ROLE)
  VALUES((SELECT MOVIEID FROM MOVIE WHERE MOVIETITLE LIKE '%' || '스즈메' || '%'),
    (SELECT PERSONID FROM PERSON WHERE PERSONNAME LIKE '%' || '하라 나노카' || '%'), '주연', '이와토 스즈메 목소리');
INSERT INTO MOVIE_PERSON(MOVIEID, PERSONID, CASTING, ROLE)
  VALUES((SELECT MOVIEID FROM MOVIE WHERE MOVIETITLE LIKE '%' || '소울메이트' || '%'),
    (SELECT PERSONID FROM PERSON WHERE PERSONNAME LIKE '%' || '민용근' || '%'), '감독', null);
INSERT INTO MOVIE_PERSON(MOVIEID, PERSONID, CASTING, ROLE)
  VALUES((SELECT MOVIEID FROM MOVIE WHERE MOVIETITLE LIKE '%' || '소울메이트' || '%'),
    (SELECT PERSONID FROM PERSON WHERE PERSONNAME LIKE '%' || '김다미' || '%'), '주연', '안미소');

SELECT * FROM MOVIE_PERSON;
-- USERS
INSERT INTO USERS(USERID, USERPW, USERNAME, USERBIRTH, USERGENDER, USEREMAIL, USERTEL)
  VALUES('aaa','1','홍길동','93/11/03','m','hong@naver.com','010-6344-4081');
INSERT INTO USERS(USERID, USERPW, USERNAME, USERBIRTH, USERGENDER, USEREMAIL, USERTEL)
  VALUES('bbb','1','점순이','01/11/03','f','jome@naver.com','010-4444-4444');
INSERT INTO USERS(USERID, USERPW, USERNAME, USERBIRTH, USERGENDER, USEREMAIL, USERTEL)
  VALUES('ccc','1','삼돌이','03/03/03','m','dol3@naver.com','010-3333-3333');
INSERT INTO USERS(USERID, USERPW, USERNAME, USERBIRTH, USERGENDER, USEREMAIL, USERTEL)
  VALUES('a1','1','테스트','04/04/04','m','test@naver.com','010-1313-3131');
INSERT INTO USERS(USERID, USERPW, USERNAME, USERBIRTH, USERGENDER, USEREMAIL, USERTEL)
  VALUES('ddd','1','테스트2','04/04/04','m','test@naver.com','010-1313-3131');

select * from users;
-- rating
select * from movie;
INSERT INTO RATING(USERID, MOVIEID, RATINGCONTENT, RATINGSCORE, RATINGDATE)
  VALUES('aaa','m003','재밌어요 명작이에요',10,SYSDATE);
INSERT INTO RATING(USERID, MOVIEID, RATINGCONTENT, RATINGSCORE, RATINGDATE)
  VALUES('bbb','m003','스즈메의 문단속이라네요 흐음',6,SYSDATE);
INSERT INTO RATING(USERID, MOVIEID, RATINGCONTENT, RATINGSCORE, RATINGDATE)
  VALUES('ccc','m003','응노잼',1,SYSDATE);
INSERT INTO RATING(USERID, MOVIEID, RATINGCONTENT, RATINGSCORE, RATINGDATE)
  VALUES('ddd','m003','인생작이야',10,SYSDATE);
INSERT INTO RATING(USERID, MOVIEID, RATINGCONTENT, RATINGSCORE, RATINGDATE)
  VALUES('aaa','m005','이거 감독이 개그맨인가요? 신기하네.. 그냥 그랬어요',4,SYSDATE);
INSERT INTO RATING(USERID, MOVIEID, RATINGCONTENT, RATINGSCORE, RATINGDATE)
  VALUES('bbb','m005','그게 뭔상관임 재밌으면 됐지. 저는 재밌게 봤습니다',9,SYSDATE);
INSERT INTO RATING(USERID, MOVIEID, RATINGCONTENT, RATINGSCORE, RATINGDATE)
  VALUES('ccc','m005','볼만함',7,SYSDATE);
INSERT INTO RATING(USERID, MOVIEID, RATINGCONTENT, RATINGSCORE, RATINGDATE)
  VALUES('ddd','m005','재밌어요~~ 추천 ! ',8,SYSDATE);
INSERT INTO RATING(USERID, MOVIEID, RATINGCONTENT, RATINGSCORE, RATINGDATE)
  VALUES('aaa','m006','애들보는영화인데 너무 시끄러워요',1,SYSDATE);
INSERT INTO RATING(USERID, MOVIEID, RATINGCONTENT, RATINGSCORE, RATINGDATE)
  VALUES('bbb','m006','크크루삥뽕빵뽕',8,SYSDATE);
INSERT INTO RATING(USERID, MOVIEID, RATINGCONTENT, RATINGSCORE, RATINGDATE)
  VALUES('ccc','m006','그저그랬네요',4,SYSDATE);
INSERT INTO RATING(USERID, MOVIEID, RATINGCONTENT, RATINGSCORE, RATINGDATE)
  VALUES('aaa',(SELECT MOVIEID FROM MOVIE WHERE MOVIETITLE LIKE '%' || '소울메이트' || '%'),'재밌어요!',7,SYSDATE);
INSERT INTO RATING(USERID, MOVIEID, RATINGCONTENT, RATINGSCORE, RATINGDATE)
  VALUES('aaa',(SELECT MOVIEID FROM MOVIE WHERE MOVIETITLE LIKE '%' || '샤잠' || '%'),'샤 잠 이네요 zzz 겁나 졸림',2,SYSDATE);
INSERT INTO RATING(USERID, MOVIEID, RATINGCONTENT, RATINGSCORE, RATINGDATE)
  VALUES('aaa',(SELECT MOVIEID FROM MOVIE WHERE MOVIETITLE LIKE '%' || '밴시' || '%'),'볼만해요',6,SYSDATE);
INSERT INTO RATING(USERID, MOVIEID, RATINGCONTENT, RATINGSCORE, RATINGDATE)
  VALUES('aaa',(SELECT MOVIEID FROM MOVIE WHERE MOVIETITLE LIKE '%' || '플레인' || '%'),'그냥그렇네요',4,SYSDATE);
INSERT INTO RATING(USERID, MOVIEID, RATINGCONTENT, RATINGSCORE, RATINGDATE)
  VALUES('aaa',(SELECT MOVIEID FROM MOVIE WHERE MOVIETITLE LIKE '%' || '치킨래빗' || '%'),'너무시끄러워요',4,SYSDATE);
INSERT INTO RATING(USERID, MOVIEID, RATINGCONTENT, RATINGSCORE, RATINGDATE)
  VALUES('aaa',(SELECT MOVIEID FROM MOVIE WHERE MOVIETITLE LIKE '%' || '파벨만스' || '%'),'제 취향이네요',8.5,SYSDATE);
INSERT INTO RATING(USERID, MOVIEID, RATINGCONTENT, RATINGSCORE, RATINGDATE)
  VALUES('aaa',(SELECT MOVIEID FROM MOVIE WHERE MOVIETITLE LIKE '%' || '낭만캠퍼스' || '%'),'낭만적이네요',7,SYSDATE);



SELECT * FROM RATING;
-- board
INSERT INTO BOARD(BOARDNO, USERID, BOARDTITLE, BOARDCONTENT, BOARDHIT, BOARDDATE,
        BOARDUPDATE, BOARDGROUP, BOARDSTEP, BOARDINDENT, BOARDIP)
  VALUES(BOARD_SEQ.NEXTVAL, 'aaa', '글제목가가', '글본문', 0, SYSDATE, NULL, BOARD_SEQ.CURRVAL, 0, 0, '192.168.0.1');
INSERT INTO BOARD(BOARDNO, USERID, BOARDTITLE, BOARDCONTENT, BOARDHIT, BOARDDATE,
        BOARDUPDATE, BOARDGROUP, BOARDSTEP, BOARDINDENT, BOARDIP)
  VALUES(BOARD_SEQ.NEXTVAL, 'bbb', '글제목나나', '글본문나혼렙재밋어', 0, SYSDATE, NULL, BOARD_SEQ.CURRVAL, 0, 0, '255.255.255.255');
INSERT INTO BOARD(BOARDNO, USERID, BOARDTITLE, BOARDCONTENT, BOARDHIT, BOARDDATE,
        BOARDUPDATE, BOARDGROUP, BOARDSTEP, BOARDINDENT, BOARDIP)
  VALUES(BOARD_SEQ.NEXTVAL, 'aaa', '글쓰자다다', '글을쓰자', 0, SYSDATE, NULL, BOARD_SEQ.CURRVAL, 0, 0, '192.168.0.1');
INSERT INTO BOARD(BOARDNO, USERID, BOARDTITLE, BOARDCONTENT, BOARDHIT, BOARDDATE,
      BOARDUPDATE, BOARDGROUP, BOARDSTEP, BOARDINDENT, BOARDIP)
  VALUES(BOARD_SEQ.NEXTVAL, 'aaa', '글제목라라', '글본문크크루삥뽕빵뽕', 0, SYSDATE, NULL, BOARD_SEQ.CURRVAL, 0, 0, '192.168.0.1');
INSERT INTO BOARD(BOARDNO, USERID, BOARDTITLE, BOARDCONTENT, BOARDHIT, BOARDDATE,
      BOARDUPDATE, BOARDGROUP, BOARDSTEP, BOARDINDENT, BOARDIP)
  VALUES(BOARD_SEQ.NEXTVAL, 'bbb', '글제목마마', '글본문', 0, SYSDATE, NULL, BOARD_SEQ.CURRVAL, 0, 0, '255.255.255.255');
INSERT INTO BOARD(BOARDNO, USERID, BOARDTITLE, BOARDCONTENT, BOARDHIT, BOARDDATE,
      BOARDUPDATE, BOARDGROUP, BOARDSTEP, BOARDINDENT, BOARDIP)
  VALUES(BOARD_SEQ.NEXTVAL, 'aaa', '글쓰자바바', '글을쓰자우잉오잉', 0, SYSDATE, NULL, BOARD_SEQ.CURRVAL, 0, 0, '192.168.0.1');
INSERT INTO BOARD(BOARDNO, USERID, BOARDTITLE, BOARDCONTENT, BOARDHIT, BOARDDATE,
        BOARDUPDATE, BOARDGROUP, BOARDSTEP, BOARDINDENT, BOARDIP)
  VALUES(BOARD_SEQ.NEXTVAL, 'aaa', '글제목사사', '글본문', 0, SYSDATE, NULL, BOARD_SEQ.CURRVAL, 0, 0, '192.168.0.1');
INSERT INTO BOARD(BOARDNO, USERID, BOARDTITLE, BOARDCONTENT, BOARDHIT, BOARDDATE,
        BOARDUPDATE, BOARDGROUP, BOARDSTEP, BOARDINDENT, BOARDIP)
  VALUES(BOARD_SEQ.NEXTVAL, 'bbb', '글제목아아', '글본문개웃겨', 0, SYSDATE, NULL, BOARD_SEQ.CURRVAL, 0, 0, '255.255.255.255');
INSERT INTO BOARD(BOARDNO, USERID, BOARDTITLE, BOARDCONTENT, BOARDHIT, BOARDDATE,
        BOARDUPDATE, BOARDGROUP, BOARDSTEP, BOARDINDENT, BOARDIP)
  VALUES(BOARD_SEQ.NEXTVAL, 'aaa', '글쓰자자자', '글을쓰자', 0, SYSDATE, NULL, BOARD_SEQ.CURRVAL, 0, 0, '192.168.0.1');
INSERT INTO BOARD(BOARDNO, USERID, BOARDTITLE, BOARDCONTENT, BOARDHIT, BOARDDATE,
      BOARDUPDATE, BOARDGROUP, BOARDSTEP, BOARDINDENT, BOARDIP)
  VALUES(BOARD_SEQ.NEXTVAL, 'aaa', '글제목차차', '글본문롤하고싶다', 0, SYSDATE, NULL, BOARD_SEQ.CURRVAL, 0, 0, '192.168.0.1');
INSERT INTO BOARD(BOARDNO, USERID, BOARDTITLE, BOARDCONTENT, BOARDHIT, BOARDDATE,
      BOARDUPDATE, BOARDGROUP, BOARDSTEP, BOARDINDENT, BOARDIP)
  VALUES(BOARD_SEQ.NEXTVAL, 'bbb', '글제목카카', '글본문아니다 참아라', 0, SYSDATE, NULL, BOARD_SEQ.CURRVAL, 0, 0, '255.255.255.255');
INSERT INTO BOARD(BOARDNO, USERID, BOARDTITLE, BOARDCONTENT, BOARDHIT, BOARDDATE,
      BOARDUPDATE, BOARDGROUP, BOARDSTEP, BOARDINDENT, BOARDIP)
  VALUES(BOARD_SEQ.NEXTVAL, 'aaa', '글쓰자타타', '글을쓰자', 0, SYSDATE, NULL, BOARD_SEQ.CURRVAL, 0, 0, '192.168.0.1');

INSERT INTO BOARD(BOARDNO, USERID, BOARDTITLE, BOARDCONTENT, BOARDHIT, BOARDDATE,
      BOARDUPDATE, BOARDGROUP, BOARDSTEP, BOARDINDENT, BOARDIP)
  VALUES(BOARD_SEQ.NEXTVAL, 'aaa', 'asdf파파', 'test게임하고싶다', 0, SYSDATE, NULL, BOARD_SEQ.CURRVAL, 0, 0, '192.168.0.1');
INSERT INTO BOARD(BOARDNO, USERID, BOARDTITLE, BOARDCONTENT, BOARDHIT, BOARDDATE,
      BOARDUPDATE, BOARDGROUP, BOARDSTEP, BOARDINDENT, BOARDIP)
  VALUES(BOARD_SEQ.NEXTVAL, 'aaa', 'test하하', 'asdf하지마라죽는다', 0, SYSDATE, NULL, BOARD_SEQ.CURRVAL, 0, 0, '255.255.255.255');
INSERT INTO BOARD(BOARDNO, USERID, BOARDTITLE, BOARDCONTENT, BOARDHIT, BOARDDATE,
      BOARDUPDATE, BOARDGROUP, BOARDSTEP, BOARDINDENT, BOARDIP)
  VALUES(BOARD_SEQ.NEXTVAL, 'aaa', 'asdfㅋㅋ', 'asdf', 0, SYSDATE, NULL, BOARD_SEQ.CURRVAL, 0, 0, '192.168.0.1');

SELECT * FROM BOARD;
-- comments
INSERT INTO COMMENTS(COMMENTNO, BOARDNO, USERID, COMMENTCONTENT, COMMENTDATE)
  VALUES(COMMENTS_SEQ.NEXTVAL, 1, 'aaa', '댓글', SYSDATE);
INSERT INTO COMMENTS(COMMENTNO, BOARDNO, USERID, COMMENTCONTENT, COMMENTDATE)
  VALUES(COMMENTS_SEQ.NEXTVAL, 2, 'bbb', '댓글', SYSDATE);
INSERT INTO COMMENTS(COMMENTNO, BOARDNO, USERID, COMMENTCONTENT, COMMENTDATE)
  VALUES(COMMENTS_SEQ.NEXTVAL, 3, 'ccc', '댓글', SYSDATE);
INSERT INTO COMMENTS(COMMENTNO, BOARDNO, USERID, COMMENTCONTENT, COMMENTDATE)
  VALUES(COMMENTS_SEQ.NEXTVAL, 1, 'bbb', '댓글', SYSDATE);
SELECT * FROM COMMENTS;
-- admin
INSERT INTO ADMIN(ADMINID, ADMINPW, ADMINNAME)
  VALUES('zzz','1','관리자');

SELECT * FROM ADMIN;

COMMIT;


