
-- MOVIE --
INSERT INTO MOVIE(MOVIEID, ORIGINALTITLE, MOVIETITLE, MOVIESUMMARY, MOVIERUNNING, MOVIEIMAGE,
            MOVIEDATE, MOVIEGRADE, MOVIEAUDIENCE, STATE)
  VALUES('m'||LPAD(MOVIE_SEQ.NEXTVAL,3,'0'),'Harry Potter','해리포터','해리포터는 마법사 이야기이다. 머시기 저시기',
  122,'harry.jpg',null,'12세 관람가',1000000,0);
INSERT INTO MOVIE(MOVIEID, ORIGINALTITLE, MOVIETITLE, MOVIESUMMARY, MOVIERUNNING, MOVIEIMAGE,
            MOVIEDATE, MOVIEGRADE, MOVIEAUDIENCE, STATE)
  VALUES('m'||LPAD(MOVIE_SEQ.NEXTVAL,3,'0'),'The Avengers','어벤져스','어벤져스는 히어로 이야기이다. 머시기 저시기',
  140,'NOIMG.JPG',null,'15세 관람가',10000000,0);

-- 현재 상영중 영화
INSERT INTO MOVIE(MOVIEID, ORIGINALTITLE, MOVIETITLE, MOVIESUMMARY, MOVIERUNNING, MOVIEIMAGE,
            MOVIEDATE, MOVIEGRADE, MOVIEAUDIENCE, STATE)
  VALUES('m'||LPAD(MOVIE_SEQ.NEXTVAL,3,'0'),'すずめの戸締まり, Suzume, 2022','스즈메의 문단속','스즈메의 문단속은 신카이 마코토의 애니메이션 영화 머시기...',
  122,'suzume.png','23/03/08','12세 관람가',2655578,2);
INSERT INTO MOVIE(MOVIEID, ORIGINALTITLE, MOVIETITLE, MOVIESUMMARY, MOVIERUNNING, MOVIEIMAGE,
            MOVIEDATE, MOVIEGRADE, MOVIEAUDIENCE, STATE)
  VALUES('m'||LPAD(MOVIE_SEQ.NEXTVAL,3,'0'),'Soulmate, 2020','소울메이트','1998년, 처음 만났다. 2004년, 첫사랑이 생겼다. 2010년, 각자 어른이 되어간다. 당신의 소울메이트가 찾아옵니다.',
  124,'soulmate.png','23/03/15','12세 관람가',171429,2);
INSERT INTO MOVIE(MOVIEID, ORIGINALTITLE, MOVIETITLE, MOVIESUMMARY, MOVIERUNNING, MOVIEIMAGE,
            MOVIEDATE, MOVIEGRADE, MOVIEAUDIENCE, STATE)
  VALUES('m'||LPAD(MOVIE_SEQ.NEXTVAL,3,'0'),'woongnami, 2023','웅남이','인간을 초월하는 짐승 같은 능력으로 국제 범죄 조직에 맞서는 웅남이의 좌충우돌 코미디 <웅남이>',
  97,'ungnam.jpg','23/03/22','15세 관람가',129847,2);
INSERT INTO MOVIE(MOVIEID, ORIGINALTITLE, MOVIETITLE, MOVIESUMMARY, MOVIERUNNING, MOVIEIMAGE,
            MOVIEDATE, MOVIEGRADE, MOVIEAUDIENCE, STATE)
  VALUES('m'||LPAD(MOVIE_SEQ.NEXTVAL,3,'0'),'GG Bond: Ocean Mission, 2022','꼬마돼지 베이브의 바다 대모험','꼬마돼지 ‘베이브’의 마지막 미션! 사라진 물고기 친구의 아빠를 찾고, 위험에 빠진 바다를 구하라!',
  76,'OceanMission.jpg','23/03/23','전체 관람가',4695,2);
INSERT INTO MOVIE(MOVIEID, ORIGINALTITLE, MOVIETITLE, MOVIESUMMARY, MOVIERUNNING, MOVIEIMAGE,
            MOVIEDATE, MOVIEGRADE, MOVIEAUDIENCE,STATE)
  VALUES('m'||LPAD(MOVIE_SEQ.NEXTVAL,3,'0'),'Poker Face, 2022','포커페이스','어릴 적 친구들과 포커 게임을 즐겨하던 ‘제이크’는 온라인 포커 개발로 억만장자가 된다.',
  91,'pokerface.jpg','23/03/23','15세 관람가',557,2);
INSERT INTO MOVIE(MOVIEID, ORIGINALTITLE, MOVIETITLE, MOVIESUMMARY, MOVIERUNNING, MOVIEIMAGE,
            MOVIEDATE, MOVIEGRADE, MOVIEAUDIENCE, STATE)
  VALUES('m'||LPAD(MOVIE_SEQ.NEXTVAL,3,'0'),'Romance Campus, 2022','낭만캠퍼스','일상에 지친 배우 민재가 고향친구이자 동료 배우인 경욱과 함께 이제는 연고도 없는 고향 남원으로 훌쩍 떠난다.',
  90,'romance.jpg','23/03/23','15세 관람가',0,2);
INSERT INTO MOVIE(MOVIEID, ORIGINALTITLE, MOVIETITLE, MOVIESUMMARY, MOVIERUNNING, MOVIEIMAGE,
            MOVIEDATE, MOVIEGRADE, MOVIEAUDIENCE, STATE)
  VALUES('m'||LPAD(MOVIE_SEQ.NEXTVAL,3,'0'),'The Fabelmans, 2022','파벨만스','난생 처음 극장에서 스크린을 마주한 순간부터 영화와 사랑에 빠진 소년 ‘새미’(가브리엘 라벨).
 아빠 ‘버트’(폴 다노)의 8mm 카메라를 들고 일상의 모든 순간을 담기 위해 열중하던 새미는
 우연히 필름에 포착된 가족의 비밀을 알게 되고 충격에 휩싸인다.',
  151,'fabelmans.jpg','23/03/22','12세 관람가',27063,2);
INSERT INTO MOVIE(MOVIEID, ORIGINALTITLE, MOVIETITLE, MOVIESUMMARY, MOVIERUNNING, MOVIEIMAGE,
            MOVIEDATE, MOVIEGRADE, MOVIEAUDIENCE, STATE)
  VALUES('m'||LPAD(MOVIE_SEQ.NEXTVAL,3,'0'),'Shazam! Fury of the Gods, 2023','샤잠! 신들의 분노','신들의 힘을 갖게 된 빌리(애셔 앤젤)와 친구들은 각자의 방법으로 슈퍼히어로의 삶을 즐기게 된다.',
  130,'shazam.jpg','23/03/15','12세 관람가',74928,2);
INSERT INTO MOVIE(MOVIEID, ORIGINALTITLE, MOVIETITLE, MOVIESUMMARY, MOVIERUNNING, MOVIEIMAGE,
            MOVIEDATE, MOVIEGRADE, MOVIEAUDIENCE, STATE)
  VALUES('m'||LPAD(MOVIE_SEQ.NEXTVAL,3,'0'),'Hopper et le hamster des ténèbres
Chickenhare and the Hamster of Darkness','치킨래빗: 잃어버린 보물을 찾아서','쫑긋한 귀, 앙증맞은 꼬리, 그리고... 갑자기 닭발...?!
 토끼인 듯 닭인 듯 반반 매력 뉴 히어로 ‘치킨래빗’이 온다!',
  92,'hopper.jpg','23/03/18','전체 관람가',26801,2);
INSERT INTO MOVIE(MOVIEID, ORIGINALTITLE, MOVIETITLE, MOVIESUMMARY, MOVIERUNNING, MOVIEIMAGE,
            MOVIEDATE, MOVIEGRADE, MOVIEAUDIENCE, STATE)
  VALUES('m'||LPAD(MOVIE_SEQ.NEXTVAL,3,'0'),'Plane, 2023','플레인','모두를 공포에 몰아넣은 하루…
비행기 불시착은 시작에 불과했다!',
  107,'plane.jpg','23/03/15','15세 관람가',33046,2);
INSERT INTO MOVIE(MOVIEID, ORIGINALTITLE, MOVIETITLE, MOVIESUMMARY, MOVIERUNNING, MOVIEIMAGE,
            MOVIEDATE, MOVIEGRADE, MOVIEAUDIENCE, STATE)
  VALUES('m'||LPAD(MOVIE_SEQ.NEXTVAL,3,'0'),'The Banshees of Inisherin, 2022','이니셰린의 밴시','오늘, 인생의 친구가 절교를 선언했다
아일랜드의 외딴 섬마을 ‘이니셰린’.',
  114,'banshee.jpg','23/03/15','15세 관람가',15188,2);
INSERT INTO MOVIE(MOVIEID, ORIGINALTITLE, MOVIETITLE, MOVIESUMMARY, MOVIERUNNING, MOVIEIMAGE,
            MOVIEDATE, MOVIEGRADE, MOVIEAUDIENCE, STATE)
  VALUES('m'||LPAD(MOVIE_SEQ.NEXTVAL,3,'0'),'DungeonsAndDragons: Honor Among Thieves, 2023','던전 앤 드래곤: 도적들의 명예','한때는 명예로운 기사였지만, ‘어떤 사건’ 이후
 ‘홀가’, ‘사이먼’, ‘포지’와 함께 도적질을 하게 된 ‘에드긴’.',
  134,'dungeon.jpg','23/03/29','12세 관람가',0,2);
INSERT INTO MOVIE(MOVIEID, ORIGINALTITLE, MOVIETITLE, MOVIESUMMARY, MOVIERUNNING, MOVIEIMAGE,
            MOVIEDATE, MOVIEGRADE, MOVIEAUDIENCE, STATE)
  VALUES('m'||LPAD(MOVIE_SEQ.NEXTVAL,3,'0'),'My Neighbor Adolf, 2022','나의 이웃 히틀러','2차 세계대전 당시 가족과 자신에게 상처를 준 히틀러로 인한 두 남자의 상처와 교감 그리고 우정을 그린 영화',
  96,'adolf.jpg','23/03/30','12세 관람가',0,2);
INSERT INTO MOVIE(MOVIEID, ORIGINALTITLE, MOVIETITLE, MOVIESUMMARY, MOVIERUNNING, MOVIEIMAGE,
            MOVIEDATE, MOVIEGRADE, MOVIEAUDIENCE, STATE)
  VALUES('m'||LPAD(MOVIE_SEQ.NEXTVAL,3,'0'),'A Man Called Otto, 2022','오토라는 남자','나 혼자 사는 까칠한 이웃 남자
오토 O.T.T.O 입니다.
모든 것을 포기하려는 ‘오토’(톰 행크스)는 죽고 싶을 타이밍마다 이를 방해하는 이웃들로 분노가 치밀어 오른다.
 인생 최악의 순간, 뜻하지 않은 이웃들과의 사건들로 인해 ‘오토’는 생각지도 못한 상황으로 흘러가는데…',
  126,'otto.jpg','23/03/29','12세 관람가',0,2);
INSERT INTO MOVIE(MOVIEID, ORIGINALTITLE, MOVIETITLE, MOVIESUMMARY, MOVIERUNNING, MOVIEIMAGE,
            MOVIEDATE, MOVIEGRADE, MOVIEAUDIENCE, STATE)
  VALUES('m'||LPAD(MOVIE_SEQ.NEXTVAL,3,'0'),'Shotgun Wedding, 2022
','샷건 웨딩','내 결혼식이 박살났다!
‘달시’(제니퍼 로페즈)와 ‘톰’(조쉬 더하멜)의 결혼식 당일,
 우여곡절 끝에 결혼식에 참석할 모두가 섬에 모인다.
 
 모든 게 순조로워 보이던 그때!
 갑자기 들이닥친 해적으로 인해 결혼식장의 모두가 인질이 되고…
 
 ‘달시’와 ‘톰’은 무사히 혼인서약을 마치기 위해
 목숨을 건 버진 로드를 걷게 되는데…
 
 죽이든가, 죽든가!
 가장 화X한 웨딩이 온다!',
  100,'shotgun.jpg','23/03/29','15세 관람가',0,2);

-- 상영 예고 영화

INSERT INTO MOVIE(MOVIEID, ORIGINALTITLE, MOVIETITLE, MOVIESUMMARY, MOVIERUNNING, MOVIEIMAGE,
            MOVIEDATE, MOVIEGRADE, MOVIEAUDIENCE, STATE)
  VALUES('m'||LPAD(MOVIE_SEQ.NEXTVAL,3,'0'),'かぐや様は告らせたい -ファーストキッスは終わらない-
Kaguya-sama: Love Is War -The First Kiss That Never Ends-','카구야 님은 고백받고 싶어 -첫 키스는 끝나지 않아-','장래가 기대되는 우수한 수재들이 모인 슈치인 학원.
 슈치인 학원 학생회에서 만난 부회장 시노미야 카구야와 회장 시로가네 미유키.',
  96,'kaguya.jpg','23/04/06','12세 관람가',0,1);
INSERT INTO MOVIE(MOVIEID, ORIGINALTITLE, MOVIETITLE, MOVIESUMMARY, MOVIERUNNING, MOVIEIMAGE,
            MOVIEDATE, MOVIEGRADE, MOVIEAUDIENCE, STATE)
  VALUES('m'||LPAD(MOVIE_SEQ.NEXTVAL,3,'0'),'John Wick: Chapter 4, 2023','존 윅 4','죽을 위기에서 살아난 ‘존 윅’은
 ‘최고 회의’를 쓰러트릴 방법을 찾아낸다.',
  169,'johnwick.jpg','23/04/12','청소년 관람불가',0,1);

INSERT INTO MOVIE(MOVIEID, ORIGINALTITLE, MOVIETITLE, MOVIESUMMARY, MOVIERUNNING, MOVIEIMAGE,
            MOVIEDATE, MOVIEGRADE, MOVIEAUDIENCE, STATE)
  VALUES('m'||LPAD(MOVIE_SEQ.NEXTVAL,3,'0'),'Killing Romance, 2021','킬링 로맨스','로맨스는 없다! 
JOHN NA 죽여주는 작전만 있을 뿐!

대재앙 같은 발연기로 국민 조롱거리로 전락한 톱스타 ‘여래’(이하늬).
현실에서 벗어나고자 떠난 남태평양 ‘콸라’섬에서 운명처럼 자신을 구해준 재벌 ‘조나단’(이선균)을 만나 결혼을 하고 새로운
인생을 꿈꾸며 돌연 은퇴를 선언한다.
 
한편, 서울대가 당연한 집안에서 홀로 고독한 입시 싸움 중인 4수생 ‘범우’(공명)는
한때 자신의 최애였던 여래가 옆집에 이사온 것을 알게 되고
날마다 옥상에서 단독 팬미팅(?)을 여는 호사를 누린다.

그러던 어느 날 조나단의 사업 확장을 위한 인형 역할에 지친
여래는 완벽한 스크린 컴백을 위해 범우에게 SOS를 보내게 되고
이들은 여래의 인생을 되찾기 위한 죽여주는 계획을 함께 모의하는데…',
  169,'killingRomance.jpg','23/04/14','15세이상 관람가',0,1);
INSERT INTO MOVIE(MOVIEID, ORIGINALTITLE, MOVIETITLE, MOVIESUMMARY, MOVIERUNNING, MOVIEIMAGE,
            MOVIEDATE, MOVIEGRADE, MOVIEAUDIENCE, STATE)
  VALUES('m'||LPAD(MOVIE_SEQ.NEXTVAL,3,'0'),'2021','나는 여기에 있다','과거, 살인자를 검거하는 과정에서 
칼에 폐를 찔린 후 장기 이식을 통해 
기적적으로 살아난 형사 ‘선두’(조한선) 

수사 일선에 복귀한 그는 연쇄 살인범 ‘규종’(정진운)을 쫓던 중 
장기 이식 코디네이터 ‘아승’(노수산나)을 통해 
‘규종’이 자신과 같은 공여자의 장기를 이식받은 것은 물론, 
공여자가 과거 자신이 검거했던 살인자라는 것을 알게 되는데… 

피 끓는 형사 VS 폭주하는 살인자 
지독한 운명에 얽힌 두 남자의 극한 추격이 시작된다!',
  169,'iamhere.jpg','23/04/12','15세이상 관람가',0,1);
INSERT INTO MOVIE(MOVIEID, ORIGINALTITLE, MOVIETITLE, MOVIESUMMARY, MOVIERUNNING, MOVIEIMAGE,
            MOVIEDATE, MOVIEGRADE, MOVIEAUDIENCE, STATE)
  VALUES('m'||LPAD(MOVIE_SEQ.NEXTVAL,3,'0'),'Lonely Castle in the Mirror, かがみの孤城, 2022','거울 속 외딴 성','“꼭 이루고 싶은 한 가지 소원이 있어” 

학교에서도 집에서도 마음 둘 곳 없이 외로운 시간을 보내던 ‘코코로’. 
어느 날, 방 안의 거울이 갑자기 빛나기 시작하고, 
‘코코로’는 홀린 듯 거울 속으로 빨려 들어가게 되는데… 

거울 속 세상은 바다 위에 떠있는 신비로운 성이었고, 
그곳에서 처음 보는 여섯 명의 친구들과 
늑대 가면을 쓴 정체불명의 소녀 ‘늑대님’을 만나게 된다. 

“성에 숨겨진 열쇠를 찾으면, 원하는 소원을 한 가지 들어주지” 
열쇠를 찾으며 조금씩 가까워진 ‘코코로’와 친구들은 뭔가 수상한 점을 하나씩 발견하게 되는데… 

모든 수수께끼가 풀리는 순간 상상을 초월하는 기적이 펼쳐진다!',
  169,'mirror.jpg','23/04/12','12세이상 관람가',0,1);
INSERT INTO MOVIE(MOVIEID, ORIGINALTITLE, MOVIETITLE, MOVIESUMMARY, MOVIERUNNING, MOVIEIMAGE,
            MOVIEDATE, MOVIEGRADE, MOVIEAUDIENCE, STATE)
  VALUES('m'||LPAD(MOVIE_SEQ.NEXTVAL,3,'0'),'Renfield, 2023','렌필드','정년 보장 + 평생 직장의 대가는 밤낮없는 24시간 FULL 근무? 
사내 복지는 만성 피로, 불면증, 소화불량, 짙은 다크서클입니다!  

불멸의 삶과 폭발적인 힘의 대가는 악당용 배민이 되는 것?!
‘드라큘라’에게 취업 사기를 당하고
24시간 밤낮없이 그에게 순결한 제물을 바치는 직속비서 ‘렌필드’는
남들과 다른 특별한 꼰대 상사에 점차 피폐해져 간다. 

그러던 어느 날, 여느 때처럼 ‘드라큘라’에게 바칠 제물을 찾던 중
자신의 인생을 뒤바꿔줄 친구 ‘레베카’를 만나게 되고
지금껏 가슴 한 켠에 숨 죽여 있었던 퇴사의 희망을 발견하게 되는데..
과연 퇴사 없는 종신계약에서 ‘렌필드’는 벗어날 수 있을까?  

슈퍼 을(乙) ‘렌필드’, 자네 꿈이 뭔가?
“이 지독한 관계에서 벗어나고 싶어요! 퇴사하겠습니다!”',
  169,'Renfield.jpg','23/04/19',null,0,1);








select * from movie;
-- tag
INSERT INTO TAG(MOVIEID,TAG) VALUES('m001','판타지');
INSERT INTO TAG(MOVIEID,TAG) VALUES('m001','모험');
INSERT INTO TAG(MOVIEID,TAG) VALUES('m002','초능력');
INSERT INTO TAG(MOVIEID,TAG) VALUES('m002','판타지');
INSERT INTO TAG(MOVIEID,TAG) 
  VALUES((SELECT MOVIEID FROM MOVIE WHERE MOVIETITLE LIKE '%' || '스즈메의 문단속' || '%'),'애니메이션');
INSERT INTO TAG(MOVIEID,TAG) 
  VALUES((SELECT MOVIEID FROM MOVIE WHERE MOVIETITLE LIKE '%' || '소울메이트' || '%'),'일상');
INSERT INTO TAG(MOVIEID,TAG) 
  VALUES((SELECT MOVIEID FROM MOVIE WHERE MOVIETITLE LIKE '%' || '소울메이트' || '%'),'드라마');
INSERT INTO TAG(MOVIEID,TAG) 
  VALUES((SELECT MOVIEID FROM MOVIE WHERE MOVIETITLE LIKE '%' || '웅남이' || '%'),'코미디');
INSERT INTO TAG(MOVIEID,TAG) 
  VALUES((SELECT MOVIEID FROM MOVIE WHERE MOVIETITLE LIKE '%' || '웅남이' || '%'),'액션');
INSERT INTO TAG(MOVIEID,TAG) 
  VALUES((SELECT MOVIEID FROM MOVIE WHERE MOVIETITLE LIKE '%' || '꼬마돼지' || '%'),'애니메이션');
INSERT INTO TAG(MOVIEID,TAG) 
  VALUES((SELECT MOVIEID FROM MOVIE WHERE MOVIETITLE LIKE '%' || '던전 앤 드래곤' || '%'),'액션');
INSERT INTO TAG(MOVIEID,TAG) 
  VALUES((SELECT MOVIEID FROM MOVIE WHERE MOVIETITLE LIKE '%' || '던전 앤 드래곤' || '%'),'모험');
INSERT INTO TAG(MOVIEID,TAG) 
  VALUES((SELECT MOVIEID FROM MOVIE WHERE MOVIETITLE LIKE '%' || '던전 앤 드래곤' || '%'),'판타지');
INSERT INTO TAG(MOVIEID,TAG) 
  VALUES((SELECT MOVIEID FROM MOVIE WHERE MOVIETITLE LIKE '%' || '카구야' || '%'),'애니메이션');
INSERT INTO TAG(MOVIEID,TAG) 
  VALUES((SELECT MOVIEID FROM MOVIE WHERE MOVIETITLE LIKE '%' || '낭만' || '%'),'드라마');
INSERT INTO TAG(MOVIEID,TAG) 
  VALUES((SELECT MOVIEID FROM MOVIE WHERE MOVIETITLE LIKE '%' || '포커페이스' || '%'),'스릴러');
INSERT INTO TAG(MOVIEID,TAG) 
  VALUES((SELECT MOVIEID FROM MOVIE WHERE MOVIETITLE LIKE '%' || '포커페이스' || '%'),'범죄');
INSERT INTO TAG(MOVIEID,TAG) 
  VALUES((SELECT MOVIEID FROM MOVIE WHERE MOVIETITLE LIKE '%' || '파벨만스' || '%'),'드라마');
INSERT INTO TAG(MOVIEID,TAG) 
  VALUES((SELECT MOVIEID FROM MOVIE WHERE MOVIETITLE LIKE '%' || '치킨래빗' || '%'),'애니메이션');
INSERT INTO TAG(MOVIEID,TAG) 
  VALUES((SELECT MOVIEID FROM MOVIE WHERE MOVIETITLE LIKE '%' || '플레인' || '%'),'액션');
INSERT INTO TAG(MOVIEID,TAG) 
  VALUES((SELECT MOVIEID FROM MOVIE WHERE MOVIETITLE LIKE '%' || '플레인' || '%'),'스릴러');
INSERT INTO TAG(MOVIEID,TAG) 
  VALUES((SELECT MOVIEID FROM MOVIE WHERE MOVIETITLE LIKE '%' || '밴시' || '%'),'코미디');
INSERT INTO TAG(MOVIEID,TAG) 
  VALUES((SELECT MOVIEID FROM MOVIE WHERE MOVIETITLE LIKE '%' || '밴시' || '%'),'드라마');
INSERT INTO TAG(MOVIEID,TAG) 
  VALUES((SELECT MOVIEID FROM MOVIE WHERE MOVIETITLE LIKE '%' || '샤잠' || '%'),'액션');
INSERT INTO TAG(MOVIEID,TAG) 
  VALUES((SELECT MOVIEID FROM MOVIE WHERE MOVIETITLE LIKE '%' || '샤잠' || '%'),'모험');
INSERT INTO TAG(MOVIEID,TAG) 
  VALUES((SELECT MOVIEID FROM MOVIE WHERE MOVIETITLE LIKE '%' || '샷건' || '%'),'액션');
INSERT INTO TAG(MOVIEID,TAG) 
  VALUES((SELECT MOVIEID FROM MOVIE WHERE MOVIETITLE LIKE '%' || '샷건' || '%'),'코미디');
INSERT INTO TAG(MOVIEID,TAG) 
  VALUES((SELECT MOVIEID FROM MOVIE WHERE MOVIETITLE LIKE '%' || '샷건' || '%'),'멜로/로맨스');
INSERT INTO TAG(MOVIEID,TAG) 
  VALUES((SELECT MOVIEID FROM MOVIE WHERE MOVIETITLE LIKE '%' || '오토' || '%'),'코미디');
INSERT INTO TAG(MOVIEID,TAG) 
  VALUES((SELECT MOVIEID FROM MOVIE WHERE MOVIETITLE LIKE '%' || '오토' || '%'),'드라마');
INSERT INTO TAG(MOVIEID,TAG) 
  VALUES((SELECT MOVIEID FROM MOVIE WHERE MOVIETITLE LIKE '%' || '히틀러' || '%'),'코미디');
INSERT INTO TAG(MOVIEID,TAG) 
  VALUES((SELECT MOVIEID FROM MOVIE WHERE MOVIETITLE LIKE '%' || '히틀러' || '%'),'드라마');
INSERT INTO TAG(MOVIEID,TAG) 
  VALUES((SELECT MOVIEID FROM MOVIE WHERE MOVIETITLE LIKE '%' || '존 윅 4' || '%'),'액션');

INSERT INTO TAG(MOVIEID,TAG) 
  VALUES((SELECT MOVIEID FROM MOVIE WHERE MOVIETITLE LIKE '%' || '킬링 로맨스' || '%'),'코미디');
INSERT INTO TAG(MOVIEID,TAG) 
  VALUES((SELECT MOVIEID FROM MOVIE WHERE MOVIETITLE LIKE '%' || '나는 여기에 있다' || '%'),'범죄');
INSERT INTO TAG(MOVIEID,TAG) 
  VALUES((SELECT MOVIEID FROM MOVIE WHERE MOVIETITLE LIKE '%' || '나는 여기에 있다' || '%'),'액션');
INSERT INTO TAG(MOVIEID,TAG) 
  VALUES((SELECT MOVIEID FROM MOVIE WHERE MOVIETITLE LIKE '%' || '나는 여기에 있다' || '%'),'스릴러');
INSERT INTO TAG(MOVIEID,TAG) 
  VALUES((SELECT MOVIEID FROM MOVIE WHERE MOVIETITLE LIKE '%' || '거울 속 외딴 성' || '%'),'애니메이션');
INSERT INTO TAG(MOVIEID,TAG) 
  VALUES((SELECT MOVIEID FROM MOVIE WHERE MOVIETITLE LIKE '%' || '거울 속 외딴 성' || '%'),'스릴러');
INSERT INTO TAG(MOVIEID,TAG) 
  VALUES((SELECT MOVIEID FROM MOVIE WHERE MOVIETITLE LIKE '%' || '거울 속 외딴 성' || '%'),'미스터리');
INSERT INTO TAG(MOVIEID,TAG) 
  VALUES((SELECT MOVIEID FROM MOVIE WHERE MOVIETITLE LIKE '%' || '거울 속 외딴 성' || '%'),'판타지');
INSERT INTO TAG(MOVIEID,TAG) 
  VALUES((SELECT MOVIEID FROM MOVIE WHERE MOVIETITLE LIKE '%' || '렌필드' || '%'),'코미디');
INSERT INTO TAG(MOVIEID,TAG) 
  VALUES((SELECT MOVIEID FROM MOVIE WHERE MOVIETITLE LIKE '%' || '렌필드' || '%'),'판타지');
INSERT INTO TAG(MOVIEID,TAG) 
  VALUES((SELECT MOVIEID FROM MOVIE WHERE MOVIETITLE LIKE '%' || '렌필드' || '%'),'공포');

SELECT * FROM TAG;
-- trailer
INSERT INTO TRAILER (MOVIEID, TRAILERNAME, TRAILERURL) 
  VALUES((SELECT MOVIEID FROM MOVIE WHERE MOVIETITLE LIKE '%' || '웅남이' || '%'),'메인 예고편','yT0DOyVUrRc');
INSERT INTO TRAILER (MOVIEID, TRAILERNAME, TRAILERURL) 
  VALUES((SELECT MOVIEID FROM MOVIE WHERE MOVIETITLE LIKE '%' || '웅남이' || '%'),'티저 예고편','2J1ohdz-5Ps');
INSERT INTO TRAILER (MOVIEID, TRAILERNAME, TRAILERURL) 
  VALUES((SELECT MOVIEID FROM MOVIE WHERE MOVIETITLE LIKE '%' || '웅남이' || '%'),'관객 반응 영상','LNUTi4Tm8mY');
INSERT INTO TRAILER (MOVIEID, TRAILERNAME, TRAILERURL) 
  VALUES((SELECT MOVIEID FROM MOVIE WHERE MOVIETITLE LIKE '%' || '꼬마돼지' || '%'),'메인 예고편','IpNauQ6rRbI');
INSERT INTO TRAILER (MOVIEID, TRAILERNAME, TRAILERURL) 
  VALUES((SELECT MOVIEID FROM MOVIE WHERE MOVIETITLE LIKE '%' || '스즈메' || '%'),'2차 예고편','4FwdqAKoaEs');
INSERT INTO TRAILER (MOVIEID, TRAILERNAME, TRAILERURL) 
  VALUES((SELECT MOVIEID FROM MOVIE WHERE MOVIETITLE LIKE '%' || '스즈메' || '%'),'예고편(한글)','UUpk0wnNhtU');
INSERT INTO TRAILER (MOVIEID, TRAILERNAME, TRAILERURL) 
  VALUES((SELECT MOVIEID FROM MOVIE WHERE MOVIETITLE LIKE '%' || '던전' || '%'),'메인 예고편','fk_3ODkNpyY');
INSERT INTO TRAILER (MOVIEID, TRAILERNAME, TRAILERURL) 
  VALUES((SELECT MOVIEID FROM MOVIE WHERE MOVIETITLE LIKE '%' || '소울메이트' || '%'),'메인 예고편','f93j8rLS69k');
INSERT INTO TRAILER (MOVIEID, TRAILERNAME, TRAILERURL) 
  VALUES((SELECT MOVIEID FROM MOVIE WHERE MOVIETITLE LIKE '%' || '샤잠' || '%'),'메인 예고편','EsTywuev7ic');
INSERT INTO TRAILER (MOVIEID, TRAILERNAME, TRAILERURL) 
  VALUES((SELECT MOVIEID FROM MOVIE WHERE MOVIETITLE LIKE '%' || '플레인' || '%'),'메인 예고편','E8OHeUG7iL0');
INSERT INTO TRAILER (MOVIEID, TRAILERNAME, TRAILERURL) 
  VALUES((SELECT MOVIEID FROM MOVIE WHERE MOVIETITLE LIKE '%' || '파벨만스' || '%'),'2차 예고편','enPPU3GCSEM');
INSERT INTO TRAILER (MOVIEID, TRAILERNAME, TRAILERURL) 
  VALUES((SELECT MOVIEID FROM MOVIE WHERE MOVIETITLE LIKE '%' || '낭만캠퍼스' || '%'),'메인 예고편','Zit6PwGwnGg');
INSERT INTO TRAILER (MOVIEID, TRAILERNAME, TRAILERURL) 
  VALUES((SELECT MOVIEID FROM MOVIE WHERE MOVIETITLE LIKE '%' || '포커페이스' || '%'),'메인 예고편','1ewqWYHZ6U0');
INSERT INTO TRAILER (MOVIEID, TRAILERNAME, TRAILERURL) 
  VALUES((SELECT MOVIEID FROM MOVIE WHERE MOVIETITLE LIKE '%' || '치킨래빗' || '%'),'파이널 예고편','BTAAGqDi9O0');
INSERT INTO TRAILER (MOVIEID, TRAILERNAME, TRAILERURL) 
  VALUES((SELECT MOVIEID FROM MOVIE WHERE MOVIETITLE LIKE '%' || '밴시' || '%'),'파이널 예고편','tUl_YGXT-js');
INSERT INTO TRAILER (MOVIEID, TRAILERNAME, TRAILERURL) 
  VALUES((SELECT MOVIEID FROM MOVIE WHERE MOVIETITLE LIKE '%' || '샷건' || '%'),'메인 예고편','DIYCPSRTMps');
INSERT INTO TRAILER (MOVIEID, TRAILERNAME, TRAILERURL) 
  VALUES((SELECT MOVIEID FROM MOVIE WHERE MOVIETITLE LIKE '%' || '오토' || '%'),'메인 예고편','r2aHLl9obLg');
INSERT INTO TRAILER (MOVIEID, TRAILERNAME, TRAILERURL) 
  VALUES((SELECT MOVIEID FROM MOVIE WHERE MOVIETITLE LIKE '%' || '히틀러' || '%'),'international Trailer','Ii47Auvhls4');
INSERT INTO TRAILER (MOVIEID, TRAILERNAME, TRAILERURL) 
  VALUES((SELECT MOVIEID FROM MOVIE WHERE MOVIETITLE LIKE '%' || '카구야' || '%'),'메인 예고편','wS93NnlL-kg');
INSERT INTO TRAILER (MOVIEID, TRAILERNAME, TRAILERURL) 
  VALUES((SELECT MOVIEID FROM MOVIE WHERE MOVIETITLE LIKE '%' || '존 윅 4' || '%'),'공식 예고편','ly3QrgEZaQY');

INSERT INTO TRAILER (MOVIEID, TRAILERNAME, TRAILERURL) 
  VALUES((SELECT MOVIEID FROM MOVIE WHERE MOVIETITLE LIKE '%' || '킬링' || '%'),'메인 예고편','lNW1TvpM3hE');
INSERT INTO TRAILER (MOVIEID, TRAILERNAME, TRAILERURL) 
  VALUES((SELECT MOVIEID FROM MOVIE WHERE MOVIETITLE LIKE '%' || '거울 속' || '%'),'2차 예고편','7z3Q9JW09kE');
INSERT INTO TRAILER (MOVIEID, TRAILERNAME, TRAILERURL) 
  VALUES((SELECT MOVIEID FROM MOVIE WHERE MOVIETITLE LIKE '%' || '나는 여기에 있다' || '%'),'메인 예고편','faMFY4aToOQ');
INSERT INTO TRAILER (MOVIEID, TRAILERNAME, TRAILERURL) 
  VALUES((SELECT MOVIEID FROM MOVIE WHERE MOVIETITLE LIKE '%' || '렌필드' || '%'),'메인 예고편','ik_Sptvs80Y');


select * from trailer;
-- PERSON & MOVIE_PERSON --
--해리포터 
INSERT INTO PERSON(PERSONID, PERSONNAME, PERSONIMAGE, PERSONNATION, PERSONBIRTH)
  VALUES('p'||LPAD(PERSON_SEQ.NEXTVAL,3,'0'),'데이빗 예이츠', 'david.jpg', 'United Kingdom','63/11/30');
INSERT INTO PERSON(PERSONID, PERSONNAME, PERSONIMAGE, PERSONNATION, PERSONBIRTH)
  VALUES('p'||LPAD(PERSON_SEQ.NEXTVAL,3,'0'), '엠마 왓슨', 'emma.jpg', 'France','90/04/15');
INSERT INTO PERSON(PERSONID, PERSONNAME, PERSONIMAGE, PERSONNATION, PERSONBIRTH)
  VALUES('p'||LPAD(PERSON_SEQ.NEXTVAL,3,'0'), '다니엘 레드클리프', 'daniel.jpg', 'United Kingdom','89/07/23');
INSERT INTO MOVIE_PERSON(mpNO, MOVIEID, PERSONID, CASTING, ROLE)
  VALUES(MP_SEQ.NEXTVAL,(SELECT MOVIEID FROM MOVIE WHERE MOVIETITLE='해리포터'),
    (SELECT PERSONID FROM PERSON WHERE PERSONNAME='엠마 왓슨'), '주연','헤르미온느');
INSERT INTO MOVIE_PERSON(mpNO, MOVIEID, PERSONID, CASTING)
  VALUES(MP_SEQ.NEXTVAL,(SELECT MOVIEID FROM MOVIE WHERE MOVIETITLE='해리포터'),
    (SELECT PERSONID FROM PERSON WHERE PERSONNAME='데이빗 예이츠'),'감독');
INSERT INTO MOVIE_PERSON(mpNO, MOVIEID, PERSONID, CASTING, ROLE)
  VALUES(MP_SEQ.NEXTVAL,(SELECT MOVIEID FROM MOVIE WHERE MOVIETITLE='해리포터'),
    (SELECT PERSONID FROM PERSON WHERE PERSONNAME='다니엘 레드클리프'),'주연','해리포터');
--웅남이
INSERT INTO PERSON(PERSONID, PERSONNAME, PERSONIMAGE, PERSONNATION, PERSONBIRTH)
  VALUES('p'||LPAD(PERSON_SEQ.NEXTVAL,3,'0'),'박성광', 'sungkwang.jpg','Korea','81/08/15');
INSERT INTO PERSON(PERSONID, PERSONNAME, PERSONIMAGE, PERSONNATION, PERSONBIRTH)
  VALUES('p'||LPAD(PERSON_SEQ.NEXTVAL,3,'0'),'박성웅', 'ParkSungwoong.jpg','Korea', null);
INSERT INTO PERSON(PERSONID, PERSONNAME, PERSONIMAGE, PERSONNATION, PERSONBIRTH)
  VALUES('p'||LPAD(PERSON_SEQ.NEXTVAL,3,'0'),'이이경', 'eekyung.jpg','Korea', null);
INSERT INTO PERSON(PERSONID, PERSONNAME, PERSONIMAGE, PERSONNATION, PERSONBIRTH)
  VALUES('p'||LPAD(PERSON_SEQ.NEXTVAL,3,'0'),'염혜란', 'yumhyeran.jpg','Korea', null);
INSERT INTO MOVIE_PERSON(mpNO, MOVIEID, PERSONID, CASTING, ROLE)
  VALUES(MP_SEQ.NEXTVAL,(SELECT MOVIEID FROM MOVIE WHERE MOVIETITLE='웅남이'),
    (SELECT PERSONID FROM PERSON WHERE PERSONNAME='박성광'), '감독', null);
INSERT INTO MOVIE_PERSON(mpNO, MOVIEID, PERSONID, CASTING, ROLE)
  VALUES(MP_SEQ.NEXTVAL,(SELECT MOVIEID FROM MOVIE WHERE MOVIETITLE='웅남이'),
    (SELECT PERSONID FROM PERSON WHERE PERSONNAME='박성웅'), '주연', '나웅남');
INSERT INTO MOVIE_PERSON(mpNO, MOVIEID, PERSONID, CASTING, ROLE)
  VALUES(MP_SEQ.NEXTVAL,(SELECT MOVIEID FROM MOVIE WHERE MOVIETITLE='웅남이'),
    (SELECT PERSONID FROM PERSON WHERE PERSONNAME='이이경'), '주연', '조말봉');
INSERT INTO MOVIE_PERSON(mpNO, MOVIEID, PERSONID, CASTING, ROLE)
  VALUES(MP_SEQ.NEXTVAL,(SELECT MOVIEID FROM MOVIE WHERE MOVIETITLE='웅남이'),
    (SELECT PERSONID FROM PERSON WHERE PERSONNAME='염혜란'), '주연', '장경숙');
--포커페이스
INSERT INTO PERSON(PERSONID, PERSONNAME, PERSONIMAGE, PERSONNATION, PERSONBIRTH)
  VALUES('p'||LPAD(PERSON_SEQ.NEXTVAL,3,'0'),'러셀 크로우', 'RussellCrowe.jpg',null,null);
INSERT INTO PERSON(PERSONID, PERSONNAME, PERSONIMAGE, PERSONNATION, PERSONBIRTH)
  VALUES('p'||LPAD(PERSON_SEQ.NEXTVAL,3,'0'),'리암 헴스워스', 'LiamHemsworth.jpg',null,null);
INSERT INTO PERSON(PERSONID, PERSONNAME, PERSONIMAGE, PERSONNATION, PERSONBIRTH)
  VALUES('p'||LPAD(PERSON_SEQ.NEXTVAL,3,'0'),'엘사 파타키', 'pakaky.jpg',null,null);
INSERT INTO MOVIE_PERSON(mpNO, MOVIEID, PERSONID, CASTING, ROLE)
  VALUES(MP_SEQ.NEXTVAL,(SELECT MOVIEID FROM MOVIE WHERE MOVIETITLE LIKE '%' || '포커페이스' || '%'),
    (SELECT PERSONID FROM PERSON WHERE PERSONNAME LIKE '%' || '크로우' || '%'), '감독', NULL);
INSERT INTO MOVIE_PERSON(mpNO, MOVIEID, PERSONID, CASTING, ROLE)
  VALUES(MP_SEQ.NEXTVAL,(SELECT MOVIEID FROM MOVIE WHERE MOVIETITLE LIKE '%' || '포커페이스' || '%'),
    (SELECT PERSONID FROM PERSON WHERE PERSONNAME LIKE '%' || '크로우' || '%'), '주연', NULL);
INSERT INTO MOVIE_PERSON(mpNO, MOVIEID, PERSONID, CASTING, ROLE)
  VALUES(MP_SEQ.NEXTVAL,(SELECT MOVIEID FROM MOVIE WHERE MOVIETITLE LIKE '%' || '포커페이스' || '%'),
    (SELECT PERSONID FROM PERSON WHERE PERSONNAME LIKE '%' || '리암 헴스워스' || '%'), '주연', NULL);
INSERT INTO MOVIE_PERSON(mpNO, MOVIEID, PERSONID, CASTING, ROLE)
  VALUES(MP_SEQ.NEXTVAL,(SELECT MOVIEID FROM MOVIE WHERE MOVIETITLE LIKE '%' || '포커페이스' || '%'),
    (SELECT PERSONID FROM PERSON WHERE PERSONNAME LIKE '%' || '엘사 파타키' || '%'), '주연', NULL);
--파벨만스
INSERT INTO PERSON(PERSONID, PERSONNAME, PERSONIMAGE, PERSONNATION, PERSONBIRTH)
  VALUES('p'||LPAD(PERSON_SEQ.NEXTVAL,3,'0'),'스티븐 스필버그', 'stevenspielberg.jpg',null,null);
INSERT INTO PERSON(PERSONID, PERSONNAME, PERSONIMAGE, PERSONNATION, PERSONBIRTH)
  VALUES('p'||LPAD(PERSON_SEQ.NEXTVAL,3,'0'),'미셸 윌리엄스', 'MichelleWilliams.jpg',null,null);
INSERT INTO PERSON(PERSONID, PERSONNAME, PERSONIMAGE, PERSONNATION, PERSONBIRTH)
  VALUES('p'||LPAD(PERSON_SEQ.NEXTVAL,3,'0'),'폴 다노', 'PaulDano.jpg',null,null);
INSERT INTO PERSON(PERSONID, PERSONNAME, PERSONIMAGE, PERSONNATION, PERSONBIRTH)
  VALUES('p'||LPAD(PERSON_SEQ.NEXTVAL,3,'0'),'세스 로건', 'SethRogen.jpg',null,null);
INSERT INTO MOVIE_PERSON(mpNO, MOVIEID, PERSONID, CASTING, ROLE)
  VALUES(MP_SEQ.NEXTVAL,(SELECT MOVIEID FROM MOVIE WHERE MOVIETITLE LIKE '%' || '파벨만스' || '%'),
    (SELECT PERSONID FROM PERSON WHERE PERSONNAME LIKE '%' || '스티븐 스필버그' || '%'), '감독', NULL);
INSERT INTO MOVIE_PERSON(mpNO, MOVIEID, PERSONID, CASTING, ROLE)
  VALUES(MP_SEQ.NEXTVAL,(SELECT MOVIEID FROM MOVIE WHERE MOVIETITLE LIKE '%' || '파벨만스' || '%'),
    (SELECT PERSONID FROM PERSON WHERE PERSONNAME LIKE '%' || '미셸 윌리엄스' || '%'), '주연', NULL);
INSERT INTO MOVIE_PERSON(mpNO, MOVIEID, PERSONID, CASTING, ROLE)
  VALUES(MP_SEQ.NEXTVAL,(SELECT MOVIEID FROM MOVIE WHERE MOVIETITLE LIKE '%' || '파벨만스' || '%'),
    (SELECT PERSONID FROM PERSON WHERE PERSONNAME LIKE '%' || '폴 다노' || '%'), '주연', NULL);
INSERT INTO MOVIE_PERSON(mpNO, MOVIEID, PERSONID, CASTING, ROLE)
  VALUES(MP_SEQ.NEXTVAL,(SELECT MOVIEID FROM MOVIE WHERE MOVIETITLE LIKE '%' || '파벨만스' || '%'),
    (SELECT PERSONID FROM PERSON WHERE PERSONNAME LIKE '%' || '세스 로건' || '%'), '주연', NULL);
--낭만캠퍼스
INSERT INTO PERSON(PERSONID, PERSONNAME, PERSONIMAGE, PERSONNATION, PERSONBIRTH)
  VALUES('p'||LPAD(PERSON_SEQ.NEXTVAL,3,'0'),'박동기', 'nothing.png','Korea','76/05/09');
INSERT INTO PERSON(PERSONID, PERSONNAME, PERSONIMAGE, PERSONNATION, PERSONBIRTH)
  VALUES('p'||LPAD(PERSON_SEQ.NEXTVAL,3,'0'),'신민재', 'shinminjae.jpg',null,null);
INSERT INTO PERSON(PERSONID, PERSONNAME, PERSONIMAGE, PERSONNATION, PERSONBIRTH)
  VALUES('p'||LPAD(PERSON_SEQ.NEXTVAL,3,'0'),'송보은', 'songboun.jpg',null,null);
INSERT INTO MOVIE_PERSON(mpNO, MOVIEID, PERSONID, CASTING, ROLE)
  VALUES(MP_SEQ.NEXTVAL,(SELECT MOVIEID FROM MOVIE WHERE MOVIETITLE='낭만캠퍼스'),
    (SELECT PERSONID FROM PERSON WHERE PERSONNAME='박동기'), '감독', null);
INSERT INTO MOVIE_PERSON(mpNO, MOVIEID, PERSONID, CASTING, ROLE)
  VALUES(MP_SEQ.NEXTVAL,(SELECT MOVIEID FROM MOVIE WHERE MOVIETITLE LIKE '%' || '낭만' || '%'),
    (SELECT PERSONID FROM PERSON WHERE PERSONNAME LIKE '%' || '신민재' || '%'), '주연', '민재');
INSERT INTO MOVIE_PERSON(mpNO, MOVIEID, PERSONID, CASTING, ROLE)
  VALUES(MP_SEQ.NEXTVAL,(SELECT MOVIEID FROM MOVIE WHERE MOVIETITLE LIKE '%' || '낭만' || '%'),
    (SELECT PERSONID FROM PERSON WHERE PERSONNAME LIKE '%' || '송보은' || '%'), '주연', '미오');
--치킨래빗
INSERT INTO PERSON(PERSONID, PERSONNAME, PERSONIMAGE, PERSONNATION, PERSONBIRTH)
  VALUES('p'||LPAD(PERSON_SEQ.NEXTVAL,3,'0'),'벤자민 모스퀫', 'BenjaminMousquet.jpg',null,null);
INSERT INTO PERSON(PERSONID, PERSONNAME, PERSONIMAGE, PERSONNATION, PERSONBIRTH)
  VALUES('p'||LPAD(PERSON_SEQ.NEXTVAL,3,'0'),'박시윤', 'parksiyun.jpg',null,null);
INSERT INTO PERSON(PERSONID, PERSONNAME, PERSONIMAGE, PERSONNATION, PERSONBIRTH)
  VALUES('p'||LPAD(PERSON_SEQ.NEXTVAL,3,'0'),'김용', 'kimyong.jpg',null,null);
INSERT INTO MOVIE_PERSON(mpNO, MOVIEID, PERSONID, CASTING, ROLE)
  VALUES(MP_SEQ.NEXTVAL,(SELECT MOVIEID FROM MOVIE WHERE MOVIETITLE LIKE '%' || '치킨' || '%'),
    (SELECT PERSONID FROM PERSON WHERE PERSONNAME LIKE '%' || '벤자민 모스퀫' || '%'), '감독', NULL);
INSERT INTO MOVIE_PERSON(mpNO, MOVIEID, PERSONID, CASTING, ROLE)
  VALUES(MP_SEQ.NEXTVAL,(SELECT MOVIEID FROM MOVIE WHERE MOVIETITLE LIKE '%' || '치킨' || '%'),
    (SELECT PERSONID FROM PERSON WHERE PERSONNAME LIKE '%' || '박시윤' || '%'), '주연', NULL);
INSERT INTO MOVIE_PERSON(mpNO, MOVIEID, PERSONID, CASTING, ROLE)
  VALUES(MP_SEQ.NEXTVAL,(SELECT MOVIEID FROM MOVIE WHERE MOVIETITLE LIKE '%' || '치킨' || '%'),
    (SELECT PERSONID FROM PERSON WHERE PERSONNAME LIKE '%' || '김용' || '%'), '주연', NULL);
--플레인
INSERT INTO PERSON(PERSONID, PERSONNAME, PERSONIMAGE, PERSONNATION, PERSONBIRTH)
  VALUES('p'||LPAD(PERSON_SEQ.NEXTVAL,3,'0'),'장-프랑소와 리셰', 'Jean_FrancoisRichet.jpg',null,null);
INSERT INTO PERSON(PERSONID, PERSONNAME, PERSONIMAGE, PERSONNATION, PERSONBIRTH)
  VALUES('p'||LPAD(PERSON_SEQ.NEXTVAL,3,'0'),'제라드 버틀러', 'GerardButler.jpg',null,null);
INSERT INTO PERSON(PERSONID, PERSONNAME, PERSONIMAGE, PERSONNATION, PERSONBIRTH)
  VALUES('p'||LPAD(PERSON_SEQ.NEXTVAL,3,'0'),'마이크 콜터', 'MikeColter.jpg',null,null);
INSERT INTO MOVIE_PERSON(mpNO, MOVIEID, PERSONID, CASTING, ROLE)
  VALUES(MP_SEQ.NEXTVAL,(SELECT MOVIEID FROM MOVIE WHERE MOVIETITLE LIKE '%' || '플레인' || '%'),
    (SELECT PERSONID FROM PERSON WHERE PERSONNAME LIKE '%' || '장-프랑소와 리셰' || '%'), '감독', NULL);
INSERT INTO MOVIE_PERSON(mpNO, MOVIEID, PERSONID, CASTING, ROLE)
  VALUES(MP_SEQ.NEXTVAL,(SELECT MOVIEID FROM MOVIE WHERE MOVIETITLE LIKE '%' || '플레인' || '%'),
    (SELECT PERSONID FROM PERSON WHERE PERSONNAME LIKE '%' || '제라드 버틀러' || '%'), '주연', NULL);
INSERT INTO MOVIE_PERSON(mpNO, MOVIEID, PERSONID, CASTING, ROLE)
  VALUES(MP_SEQ.NEXTVAL,(SELECT MOVIEID FROM MOVIE WHERE MOVIETITLE LIKE '%' || '플레인' || '%'),
    (SELECT PERSONID FROM PERSON WHERE PERSONNAME LIKE '%' || '마이크 콜터' || '%'), '주연', NULL);
-- 이니셰린의 밴시
INSERT INTO PERSON(PERSONID, PERSONNAME, PERSONIMAGE, PERSONNATION, PERSONBIRTH)
  VALUES('p'||LPAD(PERSON_SEQ.NEXTVAL,3,'0'),'마틴 맥도나', 'MartinMcDonagh.jpg',null,null);
INSERT INTO PERSON(PERSONID, PERSONNAME, PERSONIMAGE, PERSONNATION, PERSONBIRTH)
  VALUES('p'||LPAD(PERSON_SEQ.NEXTVAL,3,'0'),'콜린 파렐', 'ColinFarrell.jpg',null,null);
INSERT INTO PERSON(PERSONID, PERSONNAME, PERSONIMAGE, PERSONNATION, PERSONBIRTH)
  VALUES('p'||LPAD(PERSON_SEQ.NEXTVAL,3,'0'),'케리 콘돈', 'KerryCondon.jpg',null,null);
INSERT INTO MOVIE_PERSON(mpNO, MOVIEID, PERSONID, CASTING, ROLE)
  VALUES(MP_SEQ.NEXTVAL,(SELECT MOVIEID FROM MOVIE WHERE MOVIETITLE LIKE '%' || '밴시' || '%'),
    (SELECT PERSONID FROM PERSON WHERE PERSONNAME LIKE '%' || '마틴 맥도나' || '%'), '감독', NULL);
INSERT INTO MOVIE_PERSON(mpNO, MOVIEID, PERSONID, CASTING, ROLE)
  VALUES(MP_SEQ.NEXTVAL,(SELECT MOVIEID FROM MOVIE WHERE MOVIETITLE LIKE '%' || '밴시' || '%'),
    (SELECT PERSONID FROM PERSON WHERE PERSONNAME LIKE '%' || '콜린 파렐' || '%'), '주연', NULL);
INSERT INTO MOVIE_PERSON(mpNO, MOVIEID, PERSONID, CASTING, ROLE)
  VALUES(MP_SEQ.NEXTVAL,(SELECT MOVIEID FROM MOVIE WHERE MOVIETITLE LIKE '%' || '밴시' || '%'),
    (SELECT PERSONID FROM PERSON WHERE PERSONNAME LIKE '%' || '케리 콘돈' || '%'), '주연', NULL);
--샤잠
INSERT INTO PERSON(PERSONID, PERSONNAME, PERSONIMAGE, PERSONNATION, PERSONBIRTH)
  VALUES('p'||LPAD(PERSON_SEQ.NEXTVAL,3,'0'),'데이비드 F. 샌드버그', 'sandbug.jpg',null,null);
INSERT INTO PERSON(PERSONID, PERSONNAME, PERSONIMAGE, PERSONNATION, PERSONBIRTH)
  VALUES('p'||LPAD(PERSON_SEQ.NEXTVAL,3,'0'), '제커리 레비', 'Zachary.jpg', 'USA','80/09/29');
INSERT INTO PERSON(PERSONID, PERSONNAME, PERSONIMAGE, PERSONNATION, PERSONBIRTH)
  VALUES('p'||LPAD(PERSON_SEQ.NEXTVAL,3,'0'),'애셔 앤젤', 'AsherAngel.jpg',null,null);
INSERT INTO PERSON(PERSONID, PERSONNAME, PERSONIMAGE, PERSONNATION, PERSONBIRTH)
  VALUES('p'||LPAD(PERSON_SEQ.NEXTVAL,3,'0'),'그레이스 펄튼', 'GraceFulton.jpg',null,null);
INSERT INTO MOVIE_PERSON(mpNO, MOVIEID, PERSONID, CASTING, ROLE)
  VALUES(MP_SEQ.NEXTVAL,(SELECT MOVIEID FROM MOVIE WHERE MOVIETITLE LIKE '%' || '샤잠' || '%'),
    (SELECT PERSONID FROM PERSON WHERE PERSONNAME LIKE '%' || '샌드버그' || '%'), '감독', null);
INSERT INTO MOVIE_PERSON(mpNO, MOVIEID, PERSONID, CASTING, ROLE)
  VALUES(MP_SEQ.NEXTVAL,(SELECT MOVIEID FROM MOVIE WHERE MOVIETITLE LIKE '%' || '샤잠' || '%'),
    (SELECT PERSONID FROM PERSON WHERE PERSONNAME LIKE '%' || '제커리' || '%'), '주연', '샤잠');
INSERT INTO MOVIE_PERSON(mpNO, MOVIEID, PERSONID, CASTING, ROLE)
  VALUES(MP_SEQ.NEXTVAL,(SELECT MOVIEID FROM MOVIE WHERE MOVIETITLE LIKE '%' || '샤잠' || '%'),
    (SELECT PERSONID FROM PERSON WHERE PERSONNAME LIKE '%' || '애셔 앤젤' || '%'), '주연', '빌리 뱃슨');
INSERT INTO MOVIE_PERSON(mpNO, MOVIEID, PERSONID, CASTING, ROLE)
  VALUES(MP_SEQ.NEXTVAL,(SELECT MOVIEID FROM MOVIE WHERE MOVIETITLE LIKE '%' || '샤잠' || '%'),
    (SELECT PERSONID FROM PERSON WHERE PERSONNAME LIKE '%' || '그레이스 펄튼' || '%'), '조연', '메리 브롬필드');
--소울메이트
INSERT INTO PERSON(PERSONID, PERSONNAME, PERSONIMAGE, PERSONNATION, PERSONBIRTH)
  VALUES('p'||LPAD(PERSON_SEQ.NEXTVAL,3,'0'),'민용근', 'minyonggun.jpg','Korea','76/08/02');
INSERT INTO PERSON(PERSONID, PERSONNAME, PERSONIMAGE, PERSONNATION, PERSONBIRTH)
  VALUES('p'||LPAD(PERSON_SEQ.NEXTVAL,3,'0'),'김다미', 'kimdami.jpg','Korea',null);
INSERT INTO PERSON(PERSONID, PERSONNAME, PERSONIMAGE, PERSONNATION, PERSONBIRTH)
  VALUES('p'||LPAD(PERSON_SEQ.NEXTVAL,3,'0'),'전소니', 'JEONSonee.jpg',null,null);
INSERT INTO PERSON(PERSONID, PERSONNAME, PERSONIMAGE, PERSONNATION, PERSONBIRTH)
  VALUES('p'||LPAD(PERSON_SEQ.NEXTVAL,3,'0'),'변우석', 'byeonwoosuck.jpg',null,null);
INSERT INTO MOVIE_PERSON(mpNO, MOVIEID, PERSONID, CASTING, ROLE)
  VALUES(MP_SEQ.NEXTVAL,(SELECT MOVIEID FROM MOVIE WHERE MOVIETITLE LIKE '%' || '소울메이트' || '%'),
    (SELECT PERSONID FROM PERSON WHERE PERSONNAME LIKE '%' || '민용근' || '%'), '감독', null);
INSERT INTO MOVIE_PERSON(mpNO, MOVIEID, PERSONID, CASTING, ROLE)
  VALUES(MP_SEQ.NEXTVAL,(SELECT MOVIEID FROM MOVIE WHERE MOVIETITLE LIKE '%' || '소울메이트' || '%'),
    (SELECT PERSONID FROM PERSON WHERE PERSONNAME LIKE '%' || '김다미' || '%'), '주연', '안미소');
INSERT INTO MOVIE_PERSON(mpNO, MOVIEID, PERSONID, CASTING, ROLE)
  VALUES(MP_SEQ.NEXTVAL,(SELECT MOVIEID FROM MOVIE WHERE MOVIETITLE LIKE '%' || '소울메이트' || '%'),
    (SELECT PERSONID FROM PERSON WHERE PERSONNAME LIKE '%' || '전소니' || '%'), '주연', '고하은');
INSERT INTO MOVIE_PERSON(mpNO, MOVIEID, PERSONID, CASTING, ROLE)
  VALUES(MP_SEQ.NEXTVAL,(SELECT MOVIEID FROM MOVIE WHERE MOVIETITLE LIKE '%' || '소울메이트' || '%'),
    (SELECT PERSONID FROM PERSON WHERE PERSONNAME LIKE '%' || '변우석' || '%'), '주연', '함진우');
-- 스즈메문단속
INSERT INTO PERSON(PERSONID, PERSONNAME, PERSONIMAGE, PERSONNATION, PERSONBIRTH)
  VALUES('p'||LPAD(PERSON_SEQ.NEXTVAL,3,'0'),'신카이 마코토', 'sinkai.jpg','Japan','73/02/09');
INSERT INTO PERSON(PERSONID, PERSONNAME, PERSONIMAGE, PERSONNATION, PERSONBIRTH)
  VALUES('p'||LPAD(PERSON_SEQ.NEXTVAL,3,'0'),'하라 나노카', 'nanoka.jpg','Japan','03/08/26');
INSERT INTO PERSON(PERSONID, PERSONNAME, PERSONIMAGE, PERSONNATION, PERSONBIRTH)
  VALUES('p'||LPAD(PERSON_SEQ.NEXTVAL,3,'0'),'후카츠 에리', 'EriFukatsu.jpg',null,null);
INSERT INTO PERSON(PERSONID, PERSONNAME, PERSONIMAGE, PERSONNATION, PERSONBIRTH)
  VALUES('p'||LPAD(PERSON_SEQ.NEXTVAL,3,'0'),'마츠무라 호쿠토', 'MatsumuraHokuto.jpg',null,null);
INSERT INTO MOVIE_PERSON(mpNO, MOVIEID, PERSONID, CASTING, ROLE)
  VALUES(MP_SEQ.NEXTVAL,(SELECT MOVIEID FROM MOVIE WHERE MOVIETITLE='스즈메의 문단속'),
    (SELECT PERSONID FROM PERSON WHERE PERSONNAME='신카이 마코토'), '감독', null);
INSERT INTO MOVIE_PERSON(mpNO, MOVIEID, PERSONID, CASTING, ROLE)
  VALUES(MP_SEQ.NEXTVAL,(SELECT MOVIEID FROM MOVIE WHERE MOVIETITLE LIKE '%' || '스즈메' || '%'),
    (SELECT PERSONID FROM PERSON WHERE PERSONNAME LIKE '%' || '하라 나노카' || '%'), '주연', '이와토 스즈메 목소리');
INSERT INTO MOVIE_PERSON(mpNO, MOVIEID, PERSONID, CASTING, ROLE)
  VALUES(MP_SEQ.NEXTVAL,(SELECT MOVIEID FROM MOVIE WHERE MOVIETITLE LIKE '%' || '스즈메' || '%'),
    (SELECT PERSONID FROM PERSON WHERE PERSONNAME LIKE '%' || '후카츠 에리' || '%'), '주연', '이와토 타마키 목소리');
INSERT INTO MOVIE_PERSON(mpNO, MOVIEID, PERSONID, CASTING, ROLE)
  VALUES(MP_SEQ.NEXTVAL,(SELECT MOVIEID FROM MOVIE WHERE MOVIETITLE LIKE '%' || '스즈메' || '%'),
    (SELECT PERSONID FROM PERSON WHERE PERSONNAME LIKE '%' || '마츠무라 호쿠토' || '%'), '주연', '무나카타 소타 목소리');
--던전앤드래곤
INSERT INTO PERSON(PERSONID, PERSONNAME, PERSONIMAGE, PERSONNATION, PERSONBIRTH)
  VALUES('p'||LPAD(PERSON_SEQ.NEXTVAL,3,'0'),'조나단 골드스타인', 'nothing.png',null,null);
INSERT INTO PERSON(PERSONID, PERSONNAME, PERSONIMAGE, PERSONNATION, PERSONBIRTH)
  VALUES('p'||LPAD(PERSON_SEQ.NEXTVAL,3,'0'),'크리스 파인', 'ChrisPine.jpg',null,null);
INSERT INTO PERSON(PERSONID, PERSONNAME, PERSONIMAGE, PERSONNATION, PERSONBIRTH)
  VALUES('p'||LPAD(PERSON_SEQ.NEXTVAL,3,'0'),'미셸 로드리게즈', 'MichelleRodriguez.jpg',null,null);
INSERT INTO PERSON(PERSONID, PERSONNAME, PERSONIMAGE, PERSONNATION, PERSONBIRTH)
  VALUES('p'||LPAD(PERSON_SEQ.NEXTVAL,3,'0'),'레게장 페이지', 'RegeJeanPage.jpg',null,null);
INSERT INTO MOVIE_PERSON(mpNO, MOVIEID, PERSONID, CASTING, ROLE)
  VALUES(MP_SEQ.NEXTVAL,(SELECT MOVIEID FROM MOVIE WHERE MOVIETITLE LIKE '%' || '던전 앤 드래곤' || '%'),
    (SELECT PERSONID FROM PERSON WHERE PERSONNAME LIKE '%' || '조나단 골드스타인' || '%'), '감독', NULL);
INSERT INTO MOVIE_PERSON(mpNO, MOVIEID, PERSONID, CASTING, ROLE)
  VALUES(MP_SEQ.NEXTVAL,(SELECT MOVIEID FROM MOVIE WHERE MOVIETITLE LIKE '%' || '던전 앤 드래곤' || '%'),
    (SELECT PERSONID FROM PERSON WHERE PERSONNAME LIKE '%' || '크리스 파인' || '%'), '주연', '바드');
INSERT INTO MOVIE_PERSON(mpNO, MOVIEID, PERSONID, CASTING, ROLE)
  VALUES(MP_SEQ.NEXTVAL,(SELECT MOVIEID FROM MOVIE WHERE MOVIETITLE LIKE '%' || '던전 앤 드래곤' || '%'),
    (SELECT PERSONID FROM PERSON WHERE PERSONNAME LIKE '%' || '미셸 로드리게즈' || '%'), '주연', '바바리안');
INSERT INTO MOVIE_PERSON(mpNO, MOVIEID, PERSONID, CASTING, ROLE)
  VALUES(MP_SEQ.NEXTVAL,(SELECT MOVIEID FROM MOVIE WHERE MOVIETITLE LIKE '%' || '던전 앤 드래곤' || '%'),
    (SELECT PERSONID FROM PERSON WHERE PERSONNAME LIKE '%' || '레게장 페이지' || '%'), '주연', '팔라딘');
-- 샷건웨딩
INSERT INTO PERSON(PERSONID, PERSONNAME, PERSONIMAGE, PERSONNATION, PERSONBIRTH)
  VALUES('p'||LPAD(PERSON_SEQ.NEXTVAL,3,'0'),'제이슨 무어', 'JasonMoore.jpg',null,null);
INSERT INTO PERSON(PERSONID, PERSONNAME, PERSONIMAGE, PERSONNATION, PERSONBIRTH)
  VALUES('p'||LPAD(PERSON_SEQ.NEXTVAL,3,'0'),'제니퍼 로페즈', 'JenniferLopez.jpg',null,null);
INSERT INTO PERSON(PERSONID, PERSONNAME, PERSONIMAGE, PERSONNATION, PERSONBIRTH)
  VALUES('p'||LPAD(PERSON_SEQ.NEXTVAL,3,'0'),'조쉬 더하멜', 'JoshDuhamel.jpg',null,null);
INSERT INTO MOVIE_PERSON(mpNO, MOVIEID, PERSONID, CASTING, ROLE)
  VALUES(MP_SEQ.NEXTVAL,(SELECT MOVIEID FROM MOVIE WHERE MOVIETITLE LIKE '%' || '샷건 웨딩' || '%'),
    (SELECT PERSONID FROM PERSON WHERE PERSONNAME LIKE '%' || '제이슨 무어' || '%'), '감독', NULL);
INSERT INTO MOVIE_PERSON(mpNO, MOVIEID, PERSONID, CASTING, ROLE)
  VALUES(MP_SEQ.NEXTVAL,(SELECT MOVIEID FROM MOVIE WHERE MOVIETITLE LIKE '%' || '샷건 웨딩' || '%'),
    (SELECT PERSONID FROM PERSON WHERE PERSONNAME LIKE '%' || '제니퍼 로페즈' || '%'), '주연', NULL);
INSERT INTO MOVIE_PERSON(mpNO, MOVIEID, PERSONID, CASTING, ROLE)
  VALUES(MP_SEQ.NEXTVAL,(SELECT MOVIEID FROM MOVIE WHERE MOVIETITLE LIKE '%' || '샷건 웨딩' || '%'),
    (SELECT PERSONID FROM PERSON WHERE PERSONNAME LIKE '%' || '조쉬 더하멜' || '%'), '주연', NULL);
--오토라는남자
INSERT INTO PERSON(PERSONID, PERSONNAME, PERSONIMAGE, PERSONNATION, PERSONBIRTH)
  VALUES('p'||LPAD(PERSON_SEQ.NEXTVAL,3,'0'),'마크 포스터', 'MarcForster.jpg',null,null);
INSERT INTO PERSON(PERSONID, PERSONNAME, PERSONIMAGE, PERSONNATION, PERSONBIRTH)
  VALUES('p'||LPAD(PERSON_SEQ.NEXTVAL,3,'0'),'톰 행크스', 'TomHanks.jpg',null,null);
INSERT INTO MOVIE_PERSON(mpNO, MOVIEID, PERSONID, CASTING, ROLE)
  VALUES(MP_SEQ.NEXTVAL,(SELECT MOVIEID FROM MOVIE WHERE MOVIETITLE LIKE '%' || '오토라는' || '%'),
    (SELECT PERSONID FROM PERSON WHERE PERSONNAME LIKE '%' || '마크 포스터' || '%'), '감독', NULL);
INSERT INTO MOVIE_PERSON(mpNO, MOVIEID, PERSONID, CASTING, ROLE)
  VALUES(MP_SEQ.NEXTVAL,(SELECT MOVIEID FROM MOVIE WHERE MOVIETITLE LIKE '%' || '오토라는' || '%'),
    (SELECT PERSONID FROM PERSON WHERE PERSONNAME LIKE '%' || '톰 행크스' || '%'), '주연', '오토');
--나의이웃히틀러
INSERT INTO PERSON(PERSONID, PERSONNAME, PERSONIMAGE, PERSONNATION, PERSONBIRTH)
  VALUES('p'||LPAD(PERSON_SEQ.NEXTVAL,3,'0'),'레온 프루도프스키', 'nothing.png',null,null);
INSERT INTO PERSON(PERSONID, PERSONNAME, PERSONIMAGE, PERSONNATION, PERSONBIRTH)
  VALUES('p'||LPAD(PERSON_SEQ.NEXTVAL,3,'0'),'데이비드 헤이먼', 'DavidHayman.jpg',null,null);
INSERT INTO MOVIE_PERSON(mpNO, MOVIEID, PERSONID, CASTING, ROLE)
  VALUES(MP_SEQ.NEXTVAL,(SELECT MOVIEID FROM MOVIE WHERE MOVIETITLE LIKE '%' || '히틀러' || '%'),
    (SELECT PERSONID FROM PERSON WHERE PERSONNAME LIKE '%' || '레온 프루도프스키' || '%'), '감독', NULL);
INSERT INTO MOVIE_PERSON(mpNO, MOVIEID, PERSONID, CASTING, ROLE)
  VALUES(MP_SEQ.NEXTVAL,(SELECT MOVIEID FROM MOVIE WHERE MOVIETITLE LIKE '%' || '히틀러' || '%'),
    (SELECT PERSONID FROM PERSON WHERE PERSONNAME LIKE '%' || '데이비드 헤이먼' || '%'), '주연', NULL);
--카구야
INSERT INTO PERSON(PERSONID, PERSONNAME, PERSONIMAGE, PERSONNATION, PERSONBIRTH)
  VALUES('p'||LPAD(PERSON_SEQ.NEXTVAL,3,'0'),'하타케야마 마모루', 'nothing.png',null,null);
INSERT INTO MOVIE_PERSON(mpNO, MOVIEID, PERSONID, CASTING, ROLE)
  VALUES(MP_SEQ.NEXTVAL,(SELECT MOVIEID FROM MOVIE WHERE MOVIETITLE LIKE '%' || '카구야' || '%'),
    (SELECT PERSONID FROM PERSON WHERE PERSONNAME LIKE '%' || '하타케야마 마모루' || '%'), '감독', NULL);
-- 존윅4
INSERT INTO PERSON(PERSONID, PERSONNAME, PERSONIMAGE, PERSONNATION, PERSONBIRTH)
  VALUES('p'||LPAD(PERSON_SEQ.NEXTVAL,3,'0'),'채드 스타헬스키', 'ChadStahelski.jpg',null,null);
INSERT INTO PERSON(PERSONID, PERSONNAME, PERSONIMAGE, PERSONNATION, PERSONBIRTH)
  VALUES('p'||LPAD(PERSON_SEQ.NEXTVAL,3,'0'),'키아누 리브스', 'KeanuReeves.jpg',null,null);
INSERT INTO PERSON(PERSONID, PERSONNAME, PERSONIMAGE, PERSONNATION, PERSONBIRTH)
  VALUES('p'||LPAD(PERSON_SEQ.NEXTVAL,3,'0'),'견자단', 'DonnieYenJi_Dan.jpg',null,null);
INSERT INTO PERSON(PERSONID, PERSONNAME, PERSONIMAGE, PERSONNATION, PERSONBIRTH)
  VALUES('p'||LPAD(PERSON_SEQ.NEXTVAL,3,'0'),'빌 스카스가드', 'BillSkarsgard.jpg',null,null);
INSERT INTO MOVIE_PERSON(mpNO, MOVIEID, PERSONID, CASTING, ROLE)
  VALUES(MP_SEQ.NEXTVAL,(SELECT MOVIEID FROM MOVIE WHERE MOVIETITLE LIKE '%' || '존 윅 4' || '%'),
    (SELECT PERSONID FROM PERSON WHERE PERSONNAME LIKE '%' || '채드 스타헬스키' || '%'), '감독', NULL);
INSERT INTO MOVIE_PERSON(mpNO, MOVIEID, PERSONID, CASTING, ROLE)
  VALUES(MP_SEQ.NEXTVAL,(SELECT MOVIEID FROM MOVIE WHERE MOVIETITLE LIKE '%' || '존 윅 4' || '%'),
    (SELECT PERSONID FROM PERSON WHERE PERSONNAME LIKE '%' || '키아누 리브스' || '%'), '주연', NULL);
INSERT INTO MOVIE_PERSON(mpNO, MOVIEID, PERSONID, CASTING, ROLE)
  VALUES(MP_SEQ.NEXTVAL,(SELECT MOVIEID FROM MOVIE WHERE MOVIETITLE LIKE '%' || '존 윅 4' || '%'),
    (SELECT PERSONID FROM PERSON WHERE PERSONNAME LIKE '%' || '견자단' || '%'), '주연', NULL);
INSERT INTO MOVIE_PERSON(mpNO, MOVIEID, PERSONID, CASTING, ROLE)
  VALUES(MP_SEQ.NEXTVAL,(SELECT MOVIEID FROM MOVIE WHERE MOVIETITLE LIKE '%' || '존 윅 4' || '%'),
    (SELECT PERSONID FROM PERSON WHERE PERSONNAME LIKE '%' || '빌 스카스가드' || '%'), '주연', NULL);
-- 킬링로맨스
INSERT INTO PERSON(PERSONID, PERSONNAME, PERSONIMAGE, PERSONNATION, PERSONBIRTH)
  VALUES('p'||LPAD(PERSON_SEQ.NEXTVAL,3,'0'),'이원석', 'yeewonsok.jpg','korea','74/01/09');
INSERT INTO PERSON(PERSONID, PERSONNAME, PERSONIMAGE, PERSONNATION, PERSONBIRTH)
  VALUES('p'||LPAD(PERSON_SEQ.NEXTVAL,3,'0'),'이하늬', 'yeehanee.jpg',null,null);
INSERT INTO PERSON(PERSONID, PERSONNAME, PERSONIMAGE, PERSONNATION, PERSONBIRTH)
  VALUES('p'||LPAD(PERSON_SEQ.NEXTVAL,3,'0'),'이선균', 'Seon-gyunLee.jpg',null,null);
INSERT INTO MOVIE_PERSON(mpNO, MOVIEID, PERSONID, CASTING, ROLE)
  VALUES(MP_SEQ.NEXTVAL,(SELECT MOVIEID FROM MOVIE WHERE MOVIETITLE LIKE '%' || '킬링 로맨스' || '%'),
    (SELECT PERSONID FROM PERSON WHERE PERSONNAME LIKE '%' || '이원석' || '%'), '감독', NULL);
INSERT INTO MOVIE_PERSON(mpNO, MOVIEID, PERSONID, CASTING, ROLE)
  VALUES(MP_SEQ.NEXTVAL,(SELECT MOVIEID FROM MOVIE WHERE MOVIETITLE LIKE '%' || '킬링 로맨스' || '%'),
    (SELECT PERSONID FROM PERSON WHERE PERSONNAME LIKE '%' || '이하늬' || '%'), '주연', NULL);
INSERT INTO MOVIE_PERSON(mpNO, MOVIEID, PERSONID, CASTING, ROLE)
  VALUES(MP_SEQ.NEXTVAL,(SELECT MOVIEID FROM MOVIE WHERE MOVIETITLE LIKE '%' || '킬링 로맨스' || '%'),
    (SELECT PERSONID FROM PERSON WHERE PERSONNAME LIKE '%' || '이선균' || '%'), '주연', NULL);

-- 나는 여기에 있다
INSERT INTO PERSON(PERSONID, PERSONNAME, PERSONIMAGE, PERSONNATION, PERSONBIRTH)
  VALUES('p'||LPAD(PERSON_SEQ.NEXTVAL,3,'0'),'신근호', 'shinkunho.jpg',null,null);
INSERT INTO PERSON(PERSONID, PERSONNAME, PERSONIMAGE, PERSONNATION, PERSONBIRTH)
  VALUES('p'||LPAD(PERSON_SEQ.NEXTVAL,3,'0'),'조한선', 'johansun.jpg',null,null);
INSERT INTO PERSON(PERSONID, PERSONNAME, PERSONIMAGE, PERSONNATION, PERSONBIRTH)
  VALUES('p'||LPAD(PERSON_SEQ.NEXTVAL,3,'0'),'정진운', 'jungjinwoon.jpg',null,null);
INSERT INTO MOVIE_PERSON(mpNO, MOVIEID, PERSONID, CASTING, ROLE)
  VALUES(MP_SEQ.NEXTVAL,(SELECT MOVIEID FROM MOVIE WHERE MOVIETITLE LIKE '%' || '나는 여기에 있다' || '%'),
    (SELECT PERSONID FROM PERSON WHERE PERSONNAME LIKE '%' || '신근호' || '%'), '감독', NULL);
INSERT INTO MOVIE_PERSON(mpNO, MOVIEID, PERSONID, CASTING, ROLE)
  VALUES(MP_SEQ.NEXTVAL,(SELECT MOVIEID FROM MOVIE WHERE MOVIETITLE LIKE '%' || '나는 여기에 있다' || '%'),
    (SELECT PERSONID FROM PERSON WHERE PERSONNAME LIKE '%' || '조한선' || '%'), '주연', NULL);
INSERT INTO MOVIE_PERSON(mpNO, MOVIEID, PERSONID, CASTING, ROLE)
  VALUES(MP_SEQ.NEXTVAL,(SELECT MOVIEID FROM MOVIE WHERE MOVIETITLE LIKE '%' || '나는 여기에 있다' || '%'),
    (SELECT PERSONID FROM PERSON WHERE PERSONNAME LIKE '%' || '정진운' || '%'), '주연', NULL);

-- 거울 속 외딴 성
INSERT INTO PERSON(PERSONID, PERSONNAME, PERSONIMAGE, PERSONNATION, PERSONBIRTH)
  VALUES('p'||LPAD(PERSON_SEQ.NEXTVAL,3,'0'),'하라 케이이치', 'nothing.png',null,null);
INSERT INTO PERSON(PERSONID, PERSONNAME, PERSONIMAGE, PERSONNATION, PERSONBIRTH)
  VALUES('p'||LPAD(PERSON_SEQ.NEXTVAL,3,'0'),'토우마 아미', 'toumaami.jpg',null,null);
INSERT INTO PERSON(PERSONID, PERSONNAME, PERSONIMAGE, PERSONNATION, PERSONBIRTH)
  VALUES('p'||LPAD(PERSON_SEQ.NEXTVAL,3,'0'),'아시다 마나', 'asidamana.png',null,null);
INSERT INTO MOVIE_PERSON(mpNO, MOVIEID, PERSONID, CASTING, ROLE)
  VALUES(MP_SEQ.NEXTVAL,(SELECT MOVIEID FROM MOVIE WHERE MOVIETITLE LIKE '%' || '거울 속 외딴 성' || '%'),
    (SELECT PERSONID FROM PERSON WHERE PERSONNAME LIKE '%' || '하라 케이이치' || '%'), '감독', NULL);
INSERT INTO MOVIE_PERSON(mpNO, MOVIEID, PERSONID, CASTING, ROLE)
  VALUES(MP_SEQ.NEXTVAL,(SELECT MOVIEID FROM MOVIE WHERE MOVIETITLE LIKE '%' || '거울 속 외딴 성' || '%'),
    (SELECT PERSONID FROM PERSON WHERE PERSONNAME LIKE '%' || '토우마 아미' || '%'), '주연', NULL);
INSERT INTO MOVIE_PERSON(mpNO, MOVIEID, PERSONID, CASTING, ROLE)
  VALUES(MP_SEQ.NEXTVAL,(SELECT MOVIEID FROM MOVIE WHERE MOVIETITLE LIKE '%' || '거울 속 외딴 성' || '%'),
    (SELECT PERSONID FROM PERSON WHERE PERSONNAME LIKE '%' || '아시다 마나' || '%'), '주연', NULL);

-- 렌필드
INSERT INTO PERSON(PERSONID, PERSONNAME, PERSONIMAGE, PERSONNATION, PERSONBIRTH)
  VALUES('p'||LPAD(PERSON_SEQ.NEXTVAL,3,'0'),'크리스 맥케이', 'cris.jpg',null,null);
INSERT INTO PERSON(PERSONID, PERSONNAME, PERSONIMAGE, PERSONNATION, PERSONBIRTH)
  VALUES('p'||LPAD(PERSON_SEQ.NEXTVAL,3,'0'),'니콜라스 홀트', 'nicolas.jpg',null,null);
INSERT INTO PERSON(PERSONID, PERSONNAME, PERSONIMAGE, PERSONNATION, PERSONBIRTH)
  VALUES('p'||LPAD(PERSON_SEQ.NEXTVAL,3,'0'),'니콜라스 케이지', 'kage.jpg',null,null);
INSERT INTO MOVIE_PERSON(mpNO, MOVIEID, PERSONID, CASTING, ROLE)
  VALUES(MP_SEQ.NEXTVAL,(SELECT MOVIEID FROM MOVIE WHERE MOVIETITLE LIKE '%' || '렌필드' || '%'),
    (SELECT PERSONID FROM PERSON WHERE PERSONNAME LIKE '%' || '크리스 맥케이' || '%'), '감독', NULL);
INSERT INTO MOVIE_PERSON(mpNO, MOVIEID, PERSONID, CASTING, ROLE)
  VALUES(MP_SEQ.NEXTVAL,(SELECT MOVIEID FROM MOVIE WHERE MOVIETITLE LIKE '%' || '렌필드' || '%'),
    (SELECT PERSONID FROM PERSON WHERE PERSONNAME LIKE '%' || '니콜라스 홀트' || '%'), '주연', NULL);
INSERT INTO MOVIE_PERSON(mpNO, MOVIEID, PERSONID, CASTING, ROLE)
  VALUES(MP_SEQ.NEXTVAL,(SELECT MOVIEID FROM MOVIE WHERE MOVIETITLE LIKE '%' || '렌필드' || '%'),
    (SELECT PERSONID FROM PERSON WHERE PERSONNAME LIKE '%' || '니콜라스 케이지' || '%'), '주연', NULL);












SELECT * FROM PERSON;
SELECT * FROM MOVIE_PERSON;

-- USERS
INSERT INTO USERS(USERID, USERPW, USERNAME, USERBIRTH, USERGENDER, USEREMAIL, USERTEL)
  VALUES('aaa','1','홍길동','93/11/03','m','hong@naver.com','010-6344-4081');
INSERT INTO USERS(USERID, USERPW, USERNAME, USERBIRTH, USERGENDER, USEREMAIL, USERTEL)
  VALUES('bbb','1','점순이','01/11/03','f','jome@naver.com','010-4444-4444');
INSERT INTO USERS(USERID, USERPW, USERNAME, USERBIRTH, USERGENDER, USEREMAIL, USERTEL)
  VALUES('ccc','1','삼돌이','03/03/03','m','dol3@naver.com','010-3333-3333');
INSERT INTO USERS(USERID, USERPW, USERNAME, USERBIRTH, USERGENDER, USEREMAIL, USERTEL)
  VALUES('ddd','1','테스트','04/04/04','m','test@naver.com','010-1313-3131');
INSERT INTO USERS(USERID, USERPW, USERNAME, USERBIRTH, USERGENDER, USEREMAIL, USERTEL)
  VALUES('eee','1','테스트2','04/04/04','m','test@naver.com','010-1313-3131');

select * from users;
-- rating
select * from movie;
INSERT INTO RATING(USERID, MOVIEID, RATINGCONTENT, RATINGSCORE, RATINGDATE)
  VALUES('aaa','m003','재밌어요 명작이에요',10,SYSDATE);
INSERT INTO RATING(USERID, MOVIEID, RATINGCONTENT, RATINGSCORE, RATINGDATE)
  VALUES('bbb','m003','스즈메의 문단속이라네요 흐음',6,SYSDATE);
INSERT INTO RATING(USERID, MOVIEID, RATINGCONTENT, RATINGSCORE, RATINGDATE)
  VALUES('ccc','m003','응노잼',1,SYSDATE);
INSERT INTO RATING(USERID, MOVIEID, RATINGCONTENT, RATINGSCORE, RATINGDATE)
  VALUES('ddd','m003','인생작이야',10,SYSDATE);
INSERT INTO RATING(USERID, MOVIEID, RATINGCONTENT, RATINGSCORE, RATINGDATE)
  VALUES('aaa','m005','이거 감독이 개그맨인가요? 신기하네.. 그냥 그랬어요',4,SYSDATE);
INSERT INTO RATING(USERID, MOVIEID, RATINGCONTENT, RATINGSCORE, RATINGDATE)
  VALUES('bbb','m005','그게 뭔상관임 재밌으면 됐지. 저는 재밌게 봤습니다',9,SYSDATE);
INSERT INTO RATING(USERID, MOVIEID, RATINGCONTENT, RATINGSCORE, RATINGDATE)
  VALUES('ccc','m005','볼만함',7,SYSDATE);
INSERT INTO RATING(USERID, MOVIEID, RATINGCONTENT, RATINGSCORE, RATINGDATE)
  VALUES('ddd','m005','재밌어요~~ 추천 ! ',8,SYSDATE);
INSERT INTO RATING(USERID, MOVIEID, RATINGCONTENT, RATINGSCORE, RATINGDATE)
  VALUES('aaa','m006','애들보는영화인데 너무 시끄러워요',1,SYSDATE);
INSERT INTO RATING(USERID, MOVIEID, RATINGCONTENT, RATINGSCORE, RATINGDATE)
  VALUES('bbb','m006','크크루삥뽕빵뽕',8,SYSDATE);
INSERT INTO RATING(USERID, MOVIEID, RATINGCONTENT, RATINGSCORE, RATINGDATE)
  VALUES('ccc','m006','그저그랬네요',4,SYSDATE);
INSERT INTO RATING(USERID, MOVIEID, RATINGCONTENT, RATINGSCORE, RATINGDATE)
  VALUES('aaa',(SELECT MOVIEID FROM MOVIE WHERE MOVIETITLE LIKE '%' || '소울메이트' || '%'),'재밌어요!',7,SYSDATE);
INSERT INTO RATING(USERID, MOVIEID, RATINGCONTENT, RATINGSCORE, RATINGDATE)
  VALUES('aaa',(SELECT MOVIEID FROM MOVIE WHERE MOVIETITLE LIKE '%' || '샤잠' || '%'),'샤 잠 이네요 zzz 겁나 졸림',2,SYSDATE);
INSERT INTO RATING(USERID, MOVIEID, RATINGCONTENT, RATINGSCORE, RATINGDATE)
  VALUES('aaa',(SELECT MOVIEID FROM MOVIE WHERE MOVIETITLE LIKE '%' || '밴시' || '%'),'볼만해요',6,SYSDATE);
INSERT INTO RATING(USERID, MOVIEID, RATINGCONTENT, RATINGSCORE, RATINGDATE)
  VALUES('aaa',(SELECT MOVIEID FROM MOVIE WHERE MOVIETITLE LIKE '%' || '플레인' || '%'),'그냥그렇네요',4,SYSDATE);
INSERT INTO RATING(USERID, MOVIEID, RATINGCONTENT, RATINGSCORE, RATINGDATE)
  VALUES('aaa',(SELECT MOVIEID FROM MOVIE WHERE MOVIETITLE LIKE '%' || '치킨래빗' || '%'),'너무시끄러워요',4,SYSDATE);
INSERT INTO RATING(USERID, MOVIEID, RATINGCONTENT, RATINGSCORE, RATINGDATE)
  VALUES('aaa',(SELECT MOVIEID FROM MOVIE WHERE MOVIETITLE LIKE '%' || '파벨만스' || '%'),'제 취향이네요',8.5,SYSDATE);
INSERT INTO RATING(USERID, MOVIEID, RATINGCONTENT, RATINGSCORE, RATINGDATE)
  VALUES('aaa',(SELECT MOVIEID FROM MOVIE WHERE MOVIETITLE LIKE '%' || '낭만캠퍼스' || '%'),'낭만적이네요',7,SYSDATE);


INSERT INTO RATING(USERID, MOVIEID, RATINGCONTENT, RATINGSCORE, RATINGDATE)
  VALUES('aaa',(SELECT MOVIEID FROM MOVIE WHERE MOVIETITLE LIKE '%' || '포커페이스' || '%'),'오랜만에 본 명작 영화네요',9,SYSDATE);
INSERT INTO RATING(USERID, MOVIEID, RATINGCONTENT, RATINGSCORE, RATINGDATE)
  VALUES('aaa',(SELECT MOVIEID FROM MOVIE WHERE MOVIETITLE LIKE '%' || '오토라는' || '%'),'울었어요ㅠㅠ 너무 재밌네요',7,SYSDATE);
INSERT INTO RATING(USERID, MOVIEID, RATINGCONTENT, RATINGSCORE, RATINGDATE)
  VALUES('aaa',(SELECT MOVIEID FROM MOVIE WHERE MOVIETITLE LIKE '%' || '샷건 웨딩' || '%'),'그냥 그랬네요 흐음흐음흠ㅇㄴㄻㄴㅇㄻㄴ',5,SYSDATE);
INSERT INTO RATING(USERID, MOVIEID, RATINGCONTENT, RATINGSCORE, RATINGDATE)
  VALUES('aaa',(SELECT MOVIEID FROM MOVIE WHERE MOVIETITLE LIKE '%' || '던전 앤 드래곤' || '%'),'제작비만 비싼 거품 영화 ㅋㅋ',4,SYSDATE);
INSERT INTO RATING(USERID, MOVIEID, RATINGCONTENT, RATINGSCORE, RATINGDATE)
  VALUES('aaa',(SELECT MOVIEID FROM MOVIE WHERE MOVIETITLE LIKE '%' || '나의 이웃 히틀러' || '%'),'히틀러가 나온다니 신기해요',5,SYSDATE);


SELECT * FROM RATING;
-- board
INSERT INTO BOARD(BOARDNO, USERID, BOARDTITLE, BOARDCONTENT, BOARDHIT, BOARDDATE,
        BOARDUPDATE, BOARDGROUP, BOARDSTEP, BOARDINDENT, BOARDIP)
  VALUES(BOARD_SEQ.NEXTVAL, 'aaa', '글제목가가', '글본문', 0, SYSDATE, NULL, BOARD_SEQ.CURRVAL, 0, 0, '192.168.0.1');
INSERT INTO BOARD(BOARDNO, USERID, BOARDTITLE, BOARDCONTENT, BOARDHIT, BOARDDATE,
        BOARDUPDATE, BOARDGROUP, BOARDSTEP, BOARDINDENT, BOARDIP)
  VALUES(BOARD_SEQ.NEXTVAL, 'bbb', '글제목나나', '글본문나혼렙재밋어', 0, SYSDATE, NULL, BOARD_SEQ.CURRVAL, 0, 0, '255.255.255.255');
INSERT INTO BOARD(BOARDNO, USERID, BOARDTITLE, BOARDCONTENT, BOARDHIT, BOARDDATE,
        BOARDUPDATE, BOARDGROUP, BOARDSTEP, BOARDINDENT, BOARDIP)
  VALUES(BOARD_SEQ.NEXTVAL, 'aaa', '글쓰자다다', '글을쓰자', 0, SYSDATE, NULL, BOARD_SEQ.CURRVAL, 0, 0, '192.168.0.1');
INSERT INTO BOARD(BOARDNO, USERID, BOARDTITLE, BOARDCONTENT, BOARDHIT, BOARDDATE,
      BOARDUPDATE, BOARDGROUP, BOARDSTEP, BOARDINDENT, BOARDIP)
  VALUES(BOARD_SEQ.NEXTVAL, 'aaa', '글제목라라', '글본문크크루삥뽕빵뽕', 0, SYSDATE, NULL, BOARD_SEQ.CURRVAL, 0, 0, '192.168.0.1');
INSERT INTO BOARD(BOARDNO, USERID, BOARDTITLE, BOARDCONTENT, BOARDHIT, BOARDDATE,
      BOARDUPDATE, BOARDGROUP, BOARDSTEP, BOARDINDENT, BOARDIP)
  VALUES(BOARD_SEQ.NEXTVAL, 'bbb', '글제목마마', '글본문', 0, SYSDATE, NULL, BOARD_SEQ.CURRVAL, 0, 0, '255.255.255.255');
INSERT INTO BOARD(BOARDNO, USERID, BOARDTITLE, BOARDCONTENT, BOARDHIT, BOARDDATE,
      BOARDUPDATE, BOARDGROUP, BOARDSTEP, BOARDINDENT, BOARDIP)
  VALUES(BOARD_SEQ.NEXTVAL, 'aaa', '글쓰자바바', '글을쓰자우잉오잉', 0, SYSDATE, NULL, BOARD_SEQ.CURRVAL, 0, 0, '192.168.0.1');
INSERT INTO BOARD(BOARDNO, USERID, BOARDTITLE, BOARDCONTENT, BOARDHIT, BOARDDATE,
        BOARDUPDATE, BOARDGROUP, BOARDSTEP, BOARDINDENT, BOARDIP)
  VALUES(BOARD_SEQ.NEXTVAL, 'aaa', '글제목사사', '글본문', 0, SYSDATE, NULL, BOARD_SEQ.CURRVAL, 0, 0, '192.168.0.1');
INSERT INTO BOARD(BOARDNO, USERID, BOARDTITLE, BOARDCONTENT, BOARDHIT, BOARDDATE,
        BOARDUPDATE, BOARDGROUP, BOARDSTEP, BOARDINDENT, BOARDIP)
  VALUES(BOARD_SEQ.NEXTVAL, 'bbb', '글제목아아', '글본문개웃겨', 0, SYSDATE, NULL, BOARD_SEQ.CURRVAL, 0, 0, '255.255.255.255');
INSERT INTO BOARD(BOARDNO, USERID, BOARDTITLE, BOARDCONTENT, BOARDHIT, BOARDDATE,
        BOARDUPDATE, BOARDGROUP, BOARDSTEP, BOARDINDENT, BOARDIP)
  VALUES(BOARD_SEQ.NEXTVAL, 'aaa', '글쓰자자자', '글을쓰자', 0, SYSDATE, NULL, BOARD_SEQ.CURRVAL, 0, 0, '192.168.0.1');
INSERT INTO BOARD(BOARDNO, USERID, BOARDTITLE, BOARDCONTENT, BOARDHIT, BOARDDATE,
      BOARDUPDATE, BOARDGROUP, BOARDSTEP, BOARDINDENT, BOARDIP)
  VALUES(BOARD_SEQ.NEXTVAL, 'aaa', '글제목차차', '글본문롤하고싶다', 0, SYSDATE, NULL, BOARD_SEQ.CURRVAL, 0, 0, '192.168.0.1');
INSERT INTO BOARD(BOARDNO, USERID, BOARDTITLE, BOARDCONTENT, BOARDHIT, BOARDDATE,
      BOARDUPDATE, BOARDGROUP, BOARDSTEP, BOARDINDENT, BOARDIP)
  VALUES(BOARD_SEQ.NEXTVAL, 'bbb', '글제목카카', '글본문아니다 참아라', 0, SYSDATE, NULL, BOARD_SEQ.CURRVAL, 0, 0, '255.255.255.255');
INSERT INTO BOARD(BOARDNO, USERID, BOARDTITLE, BOARDCONTENT, BOARDHIT, BOARDDATE,
      BOARDUPDATE, BOARDGROUP, BOARDSTEP, BOARDINDENT, BOARDIP)
  VALUES(BOARD_SEQ.NEXTVAL, 'aaa', '글쓰자타타', '글을쓰자', 0, SYSDATE, NULL, BOARD_SEQ.CURRVAL, 0, 0, '192.168.0.1');

INSERT INTO BOARD(BOARDNO, USERID, BOARDTITLE, BOARDCONTENT, BOARDHIT, BOARDDATE,
      BOARDUPDATE, BOARDGROUP, BOARDSTEP, BOARDINDENT, BOARDIP)
  VALUES(BOARD_SEQ.NEXTVAL, 'aaa', 'asdf파파', 'test게임하고싶다', 0, SYSDATE, NULL, BOARD_SEQ.CURRVAL, 0, 0, '192.168.0.1');
INSERT INTO BOARD(BOARDNO, USERID, BOARDTITLE, BOARDCONTENT, BOARDHIT, BOARDDATE,
      BOARDUPDATE, BOARDGROUP, BOARDSTEP, BOARDINDENT, BOARDIP)
  VALUES(BOARD_SEQ.NEXTVAL, 'aaa', 'test하하', 'asdf하지마라죽는다', 0, SYSDATE, NULL, BOARD_SEQ.CURRVAL, 0, 0, '255.255.255.255');
INSERT INTO BOARD(BOARDNO, USERID, BOARDTITLE, BOARDCONTENT, BOARDHIT, BOARDDATE,
      BOARDUPDATE, BOARDGROUP, BOARDSTEP, BOARDINDENT, BOARDIP)
  VALUES(BOARD_SEQ.NEXTVAL, 'aaa', 'asdfㅋㅋ', 'asdf', 0, SYSDATE, NULL, BOARD_SEQ.CURRVAL, 0, 0, '192.168.0.1');

SELECT * FROM BOARD;
-- comments
INSERT INTO COMMENTS(COMMENTNO, BOARDNO, USERID, COMMENTCONTENT, COMMENTDATE)
  VALUES(COMMENTS_SEQ.NEXTVAL, 1, 'aaa', '댓글', SYSDATE);
INSERT INTO COMMENTS(COMMENTNO, BOARDNO, USERID, COMMENTCONTENT, COMMENTDATE)
  VALUES(COMMENTS_SEQ.NEXTVAL, 2, 'bbb', '댓글', SYSDATE);
INSERT INTO COMMENTS(COMMENTNO, BOARDNO, USERID, COMMENTCONTENT, COMMENTDATE)
  VALUES(COMMENTS_SEQ.NEXTVAL, 3, 'ccc', '댓글', SYSDATE);
INSERT INTO COMMENTS(COMMENTNO, BOARDNO, USERID, COMMENTCONTENT, COMMENTDATE)
  VALUES(COMMENTS_SEQ.NEXTVAL, 1, 'bbb', '댓글', SYSDATE);
SELECT * FROM COMMENTS;
-- admin
INSERT INTO ADMIN(ADMINID, ADMINPW, ADMINNAME)
  VALUES('zzz','1','관리자');

SELECT * FROM ADMIN;

COMMIT;


